[    1306ms] [INFO] %cDownload the React DevTools for a better development experience: https://react.dev/link/react-devtools font-weight:bold @ http://localhost:3000/_next/static/chunks/node_modules_next_dist_1e8vcs8._.js:776
[    1400ms] [LOG] [HMR] connected @ http://localhost:3000/_next/static/chunks/node_modules_next_dist_1e8vcs8._.js:776
[    1568ms] [LOG] [Fast Refresh] rebuilding @ http://localhost:3000/_next/static/chunks/node_modules_next_dist_1e8vcs8._.js:776
[    7434ms] [LOG] [Fast Refresh] done in 5994ms @ http://localhost:3000/_next/static/chunks/node_modules_next_dist_1e8vcs8._.js:776
[   10145ms] [LOG] [Fast Refresh] rebuilding @ http://localhost:3000/_next/static/chunks/node_modules_next_dist_1e8vcs8._.js:776
[   15096ms] [LOG] [Fast Refresh] done in 5053ms @ http://localhost:3000/_next/static/chunks/node_modules_next_dist_1e8vcs8._.js:776
[   20034ms] [LOG] [Fast Refresh] rebuilding @ http://localhost:3000/_next/static/chunks/node_modules_next_dist_1e8vcs8._.js:776
[   25290ms] [LOG] [Fast Refresh] done in 5366ms @ http://localhost:3000/_next/static/chunks/node_modules_next_dist_1e8vcs8._.js:776
[  289492ms] [LOG] [Fast Refresh] rebuilding @ http://localhost:3000/_next/static/chunks/node_modules_next_dist_1e8vcs8._.js:776
[  293993ms] [LOG] [Fast Refresh] done in 4922ms @ http://localhost:3000/_next/static/chunks/node_modules_next_dist_1e8vcs8._.js:776
[  324411ms] [LOG] [Fast Refresh] rebuilding @ http://localhost:3000/_next/static/chunks/node_modules_next_dist_1e8vcs8._.js:776
[  329615ms] [LOG] [Fast Refresh] done in 5561ms @ http://localhost:3000/_next/static/chunks/node_modules_next_dist_1e8vcs8._.js:776
[  329683ms] [LOG] [Fast Refresh] done in 5561ms @ http://localhost:3000/_next/static/chunks/node_modules_next_dist_1e8vcs8._.js:776
[  329743ms] [LOG] [Fast Refresh] done in 5561ms @ http://localhost:3000/_next/static/chunks/node_modules_next_dist_1e8vcs8._.js:776
[  329806ms] [LOG] [Fast Refresh] done in 5561ms @ http://localhost:3000/_next/static/chunks/node_modules_next_dist_1e8vcs8._.js:776
[  329869ms] [LOG] [Fast Refresh] done in 5561ms @ http://localhost:3000/_next/static/chunks/node_modules_next_dist_1e8vcs8._.js:776
[  329933ms] [LOG] [Fast Refresh] done in 5561ms @ http://localhost:3000/_next/static/chunks/node_modules_next_dist_1e8vcs8._.js:776
[  329995ms] [LOG] [Fast Refresh] done in 5561ms @ http://localhost:3000/_next/static/chunks/node_modules_next_dist_1e8vcs8._.js:776
[  330062ms] [LOG] [Fast Refresh] done in 5561ms @ http://localhost:3000/_next/static/chunks/node_modules_next_dist_1e8vcs8._.js:776
[  330117ms] [LOG] [Fast Refresh] done in 5561ms @ http://localhost:3000/_next/static/chunks/node_modules_next_dist_1e8vcs8._.js:776
[  330170ms] [LOG] [Fast Refresh] done in 5561ms @ http://localhost:3000/_next/static/chunks/node_modules_next_dist_1e8vcs8._.js:776
[  330234ms] [LOG] [Fast Refresh] done in 5561ms @ http://localhost:3000/_next/static/chunks/node_modules_next_dist_1e8vcs8._.js:776
[  330298ms] [LOG] [Fast Refresh] done in 5561ms @ http://localhost:3000/_next/static/chunks/node_modules_next_dist_1e8vcs8._.js:776
[  330362ms] [LOG] [Fast Refresh] done in 5561ms @ http://localhost:3000/_next/static/chunks/node_modules_next_dist_1e8vcs8._.js:776
[  330425ms] [LOG] [Fast Refresh] done in 5561ms @ http://localhost:3000/_next/static/chunks/node_modules_next_dist_1e8vcs8._.js:776
[  330497ms] [LOG] [Fast Refresh] done in 5561ms @ http://localhost:3000/_next/static/chunks/node_modules_next_dist_1e8vcs8._.js:776
[  330566ms] [LOG] [Fast Refresh] done in 5561ms @ http://localhost:3000/_next/static/chunks/node_modules_next_dist_1e8vcs8._.js:776
[  330624ms] [LOG] [Fast Refresh] done in 5561ms @ http://localhost:3000/_next/static/chunks/node_modules_next_dist_1e8vcs8._.js:776
[  330688ms] [LOG] [Fast Refresh] done in 5561ms @ http://localhost:3000/_next/static/chunks/node_modules_next_dist_1e8vcs8._.js:776
[  330751ms] [LOG] [Fast Refresh] done in 5561ms @ http://localhost:3000/_next/static/chunks/node_modules_next_dist_1e8vcs8._.js:776
[  330815ms] [LOG] [Fast Refresh] done in 5561ms @ http://localhost:3000/_next/static/chunks/node_modules_next_dist_1e8vcs8._.js:776
[  330879ms] [LOG] [Fast Refresh] done in 5561ms @ http://localhost:3000/_next/static/chunks/node_modules_next_dist_1e8vcs8._.js:776
[  330943ms] [LOG] [Fast Refresh] done in 5561ms @ http://localhost:3000/_next/static/chunks/node_modules_next_dist_1e8vcs8._.js:776
[  331007ms] [LOG] [Fast Refresh] done in 5561ms @ http://localhost:3000/_next/static/chunks/node_modules_next_dist_1e8vcs8._.js:776
[  331068ms] [LOG] [Fast Refresh] done in 5561ms @ http://localhost:3000/_next/static/chunks/node_modules_next_dist_1e8vcs8._.js:776
[  331127ms] [LOG] [Fast Refresh] done in 5561ms @ http://localhost:3000/_next/static/chunks/node_modules_next_dist_1e8vcs8._.js:776
[  331175ms] [LOG] [Fast Refresh] done in 5561ms @ http://localhost:3000/_next/static/chunks/node_modules_next_dist_1e8vcs8._.js:776
[  331239ms] [LOG] [Fast Refresh] done in 5561ms @ http://localhost:3000/_next/static/chunks/node_modules_next_dist_1e8vcs8._.js:776
[  331301ms] [LOG] [Fast Refresh] done in 5561ms @ http://localhost:3000/_next/static/chunks/node_modules_next_dist_1e8vcs8._.js:776
[  331364ms] [LOG] [Fast Refresh] done in 5561ms @ http://localhost:3000/_next/static/chunks/node_modules_next_dist_1e8vcs8._.js:776
[  331428ms] [LOG] [Fast Refresh] done in 5561ms @ http://localhost:3000/_next/static/chunks/node_modules_next_dist_1e8vcs8._.js:776
[  331493ms] [LOG] [Fast Refresh] done in 5561ms @ http://localhost:3000/_next/static/chunks/node_modules_next_dist_1e8vcs8._.js:776
[  331555ms] [LOG] [Fast Refresh] done in 5561ms @ http://localhost:3000/_next/static/chunks/node_modules_next_dist_1e8vcs8._.js:776
[  331619ms] [LOG] [Fast Refresh] done in 5561ms @ http://localhost:3000/_next/static/chunks/node_modules_next_dist_1e8vcs8._.js:776
[  331681ms] [LOG] [Fast Refresh] done in 5561ms @ http://localhost:3000/_next/static/chunks/node_modules_next_dist_1e8vcs8._.js:776
[  331743ms] [LOG] [Fast Refresh] done in 5561ms @ http://localhost:3000/_next/static/chunks/node_modules_next_dist_1e8vcs8._.js:776
[  331806ms] [LOG] [Fast Refresh] done in 5561ms @ http://localhost:3000/_next/static/chunks/node_modules_next_dist_1e8vcs8._.js:776
[  331869ms] [LOG] [Fast Refresh] done in 5561ms @ http://localhost:3000/_next/static/chunks/node_modules_next_dist_1e8vcs8._.js:776
[  331932ms] [LOG] [Fast Refresh] done in 5561ms @ http://localhost:3000/_next/static/chunks/node_modules_next_dist_1e8vcs8._.js:776
[  331995ms] [LOG] [Fast Refresh] done in 5561ms @ http://localhost:3000/_next/static/chunks/node_modules_next_dist_1e8vcs8._.js:776
[  332059ms] [LOG] [Fast Refresh] done in 5561ms @ http://localhost:3000/_next/static/chunks/node_modules_next_dist_1e8vcs8._.js:776
[  332123ms] [LOG] [Fast Refresh] done in 5561ms @ http://localhost:3000/_next/static/chunks/node_modules_next_dist_1e8vcs8._.js:776
[  332187ms] [LOG] [Fast Refresh] done in 5561ms @ http://localhost:3000/_next/static/chunks/node_modules_next_dist_1e8vcs8._.js:776
[  332250ms] [LOG] [Fast Refresh] done in 5561ms @ http://localhost:3000/_next/static/chunks/node_modules_next_dist_1e8vcs8._.js:776
[  332314ms] [LOG] [Fast Refresh] done in 5561ms @ http://localhost:3000/_next/static/chunks/node_modules_next_dist_1e8vcs8._.js:776
[  332377ms] [LOG] [Fast Refresh] done in 5561ms @ http://localhost:3000/_next/static/chunks/node_modules_next_dist_1e8vcs8._.js:776
[  332441ms] [LOG] [Fast Refresh] done in 5561ms @ http://localhost:3000/_next/static/chunks/node_modules_next_dist_1e8vcs8._.js:776
[  332504ms] [LOG] [Fast Refresh] done in 5561ms @ http://localhost:3000/_next/static/chunks/node_modules_next_dist_1e8vcs8._.js:776
[  332566ms] [LOG] [Fast Refresh] done in 5561ms @ http://localhost:3000/_next/static/chunks/node_modules_next_dist_1e8vcs8._.js:776
[  332630ms] [LOG] [Fast Refresh] done in 5561ms @ http://localhost:3000/_next/static/chunks/node_modules_next_dist_1e8vcs8._.js:776
[  332693ms] [LOG] [Fast Refresh] done in 5561ms @ http://localhost:3000/_next/static/chunks/node_modules_next_dist_1e8vcs8._.js:776
[  332756ms] [LOG] [Fast Refresh] done in 5561ms @ http://localhost:3000/_next/static/chunks/node_modules_next_dist_1e8vcs8._.js:776
[  332820ms] [LOG] [Fast Refresh] done in 5561ms @ http://localhost:3000/_next/static/chunks/node_modules_next_dist_1e8vcs8._.js:776
[  332882ms] [LOG] [Fast Refresh] done in 5561ms @ http://localhost:3000/_next/static/chunks/node_modules_next_dist_1e8vcs8._.js:776
[  332945ms] [LOG] [Fast Refresh] done in 5561ms @ http://localhost:3000/_next/static/chunks/node_modules_next_dist_1e8vcs8._.js:776
[  333009ms] [LOG] [Fast Refresh] done in 5561ms @ http://localhost:3000/_next/static/chunks/node_modules_next_dist_1e8vcs8._.js:776
[  333073ms] [LOG] [Fast Refresh] done in 5561ms @ http://localhost:3000/_next/static/chunks/node_modules_next_dist_1e8vcs8._.js:776
[  333136ms] [LOG] [Fast Refresh] done in 5561ms @ http://localhost:3000/_next/static/chunks/node_modules_next_dist_1e8vcs8._.js:776
[  333201ms] [LOG] [Fast Refresh] done in 5561ms @ http://localhost:3000/_next/static/chunks/node_modules_next_dist_1e8vcs8._.js:776
[  333264ms] [LOG] [Fast Refresh] done in 5561ms @ http://localhost:3000/_next/static/chunks/node_modules_next_dist_1e8vcs8._.js:776
[  333328ms] [LOG] [Fast Refresh] done in 5561ms @ http://localhost:3000/_next/static/chunks/node_modules_next_dist_1e8vcs8._.js:776
[  333392ms] [LOG] [Fast Refresh] done in 5561ms @ http://localhost:3000/_next/static/chunks/node_modules_next_dist_1e8vcs8._.js:776
[  333456ms] [LOG] [Fast Refresh] done in 5561ms @ http://localhost:3000/_next/static/chunks/node_modules_next_dist_1e8vcs8._.js:776
[  333519ms] [LOG] [Fast Refresh] done in 5561ms @ http://localhost:3000/_next/static/chunks/node_modules_next_dist_1e8vcs8._.js:776
[  333583ms] [LOG] [Fast Refresh] done in 5561ms @ http://localhost:3000/_next/static/chunks/node_modules_next_dist_1e8vcs8._.js:776
[  333646ms] [LOG] [Fast Refresh] done in 5561ms @ http://localhost:3000/_next/static/chunks/node_modules_next_dist_1e8vcs8._.js:776
[  333709ms] [LOG] [Fast Refresh] done in 5561ms @ http://localhost:3000/_next/static/chunks/node_modules_next_dist_1e8vcs8._.js:776
[  333773ms] [LOG] [Fast Refresh] done in 5561ms @ http://localhost:3000/_next/static/chunks/node_modules_next_dist_1e8vcs8._.js:776
[  333837ms] [LOG] [Fast Refresh] done in 5561ms @ http://localhost:3000/_next/static/chunks/node_modules_next_dist_1e8vcs8._.js:776
[  333899ms] [LOG] [Fast Refresh] done in 5561ms @ http://localhost:3000/_next/static/chunks/node_modules_next_dist_1e8vcs8._.js:776
[  333962ms] [LOG] [Fast Refresh] done in 5561ms @ http://localhost:3000/_next/static/chunks/node_modules_next_dist_1e8vcs8._.js:776
[  334024ms] [LOG] [Fast Refresh] done in 5561ms @ http://localhost:3000/_next/static/chunks/node_modules_next_dist_1e8vcs8._.js:776
[  334087ms] [LOG] [Fast Refresh] done in 5561ms @ http://localhost:3000/_next/static/chunks/node_modules_next_dist_1e8vcs8._.js:776
[  334150ms] [LOG] [Fast Refresh] done in 5561ms @ http://localhost:3000/_next/static/chunks/node_modules_next_dist_1e8vcs8._.js:776
[  334208ms] [LOG] [Fast Refresh] done in 5561ms @ http://localhost:3000/_next/static/chunks/node_modules_next_dist_1e8vcs8._.js:776
[  334272ms] [LOG] [Fast Refresh] done in 5561ms @ http://localhost:3000/_next/static/chunks/node_modules_next_dist_1e8vcs8._.js:776
[  334334ms] [LOG] [Fast Refresh] done in 5561ms @ http://localhost:3000/_next/static/chunks/node_modules_next_dist_1e8vcs8._.js:776
[  334399ms] [LOG] [Fast Refresh] done in 5561ms @ http://localhost:3000/_next/static/chunks/node_modules_next_dist_1e8vcs8._.js:776
[  334463ms] [LOG] [Fast Refresh] done in 5561ms @ http://localhost:3000/_next/static/chunks/node_modules_next_dist_1e8vcs8._.js:776
[  334526ms] [LOG] [Fast Refresh] done in 5561ms @ http://localhost:3000/_next/static/chunks/node_modules_next_dist_1e8vcs8._.js:776
[  334590ms] [LOG] [Fast Refresh] done in 5561ms @ http://localhost:3000/_next/static/chunks/node_modules_next_dist_1e8vcs8._.js:776
[  334653ms] [LOG] [Fast Refresh] done in 5561ms @ http://localhost:3000/_next/static/chunks/node_modules_next_dist_1e8vcs8._.js:776
[  334717ms] [LOG] [Fast Refresh] done in 5561ms @ http://localhost:3000/_next/static/chunks/node_modules_next_dist_1e8vcs8._.js:776
[  334781ms] [LOG] [Fast Refresh] done in 5561ms @ http://localhost:3000/_next/static/chunks/node_modules_next_dist_1e8vcs8._.js:776
[  334844ms] [LOG] [Fast Refresh] done in 5561ms @ http://localhost:3000/_next/static/chunks/node_modules_next_dist_1e8vcs8._.js:776
[  334907ms] [LOG] [Fast Refresh] done in 5561ms @ http://localhost:3000/_next/static/chunks/node_modules_next_dist_1e8vcs8._.js:776
[  334972ms] [LOG] [Fast Refresh] done in 5561ms @ http://localhost:3000/_next/static/chunks/node_modules_next_dist_1e8vcs8._.js:776
[  335034ms] [LOG] [Fast Refresh] done in 5561ms @ http://localhost:3000/_next/static/chunks/node_modules_next_dist_1e8vcs8._.js:776
[  335098ms] [LOG] [Fast Refresh] done in 5561ms @ http://localhost:3000/_next/static/chunks/node_modules_next_dist_1e8vcs8._.js:776
[  335162ms] [LOG] [Fast Refresh] done in 5561ms @ http://localhost:3000/_next/static/chunks/node_modules_next_dist_1e8vcs8._.js:776
[  335226ms] [LOG] [Fast Refresh] done in 5561ms @ http://localhost:3000/_next/static/chunks/node_modules_next_dist_1e8vcs8._.js:776
[  335290ms] [LOG] [Fast Refresh] done in 5561ms @ http://localhost:3000/_next/static/chunks/node_modules_next_dist_1e8vcs8._.js:776
[  335352ms] [LOG] [Fast Refresh] done in 5561ms @ http://localhost:3000/_next/static/chunks/node_modules_next_dist_1e8vcs8._.js:776
[  335416ms] [LOG] [Fast Refresh] done in 5561ms @ http://localhost:3000/_next/static/chunks/node_modules_next_dist_1e8vcs8._.js:776
[  335478ms] [LOG] [Fast Refresh] done in 5561ms @ http://localhost:3000/_next/static/chunks/node_modules_next_dist_1e8vcs8._.js:776
[  335541ms] [LOG] [Fast Refresh] done in 5561ms @ http://localhost:3000/_next/static/chunks/node_modules_next_dist_1e8vcs8._.js:776
[  335604ms] [LOG] [Fast Refresh] done in 5561ms @ http://localhost:3000/_next/static/chunks/node_modules_next_dist_1e8vcs8._.js:776
[  335667ms] [LOG] [Fast Refresh] done in 5561ms @ http://localhost:3000/_next/static/chunks/node_modules_next_dist_1e8vcs8._.js:776
[  335731ms] [LOG] [Fast Refresh] done in 5561ms @ http://localhost:3000/_next/static/chunks/node_modules_next_dist_1e8vcs8._.js:776
[  335794ms] [LOG] [Fast Refresh] done in 5561ms @ http://localhost:3000/_next/static/chunks/node_modules_next_dist_1e8vcs8._.js:776
[  335858ms] [LOG] [Fast Refresh] done in 5561ms @ http://localhost:3000/_next/static/chunks/node_modules_next_dist_1e8vcs8._.js:776
[  335921ms] [LOG] [Fast Refresh] done in 5561ms @ http://localhost:3000/_next/static/chunks/node_modules_next_dist_1e8vcs8._.js:776
[  335985ms] [LOG] [Fast Refresh] done in 5561ms @ http://localhost:3000/_next/static/chunks/node_modules_next_dist_1e8vcs8._.js:776
[  336049ms] [LOG] [Fast Refresh] done in 5561ms @ http://localhost:3000/_next/static/chunks/node_modules_next_dist_1e8vcs8._.js:776
[  336112ms] [LOG] [Fast Refresh] done in 5561ms @ http://localhost:3000/_next/static/chunks/node_modules_next_dist_1e8vcs8._.js:776
[  336176ms] [LOG] [Fast Refresh] done in 5561ms @ http://localhost:3000/_next/static/chunks/node_modules_next_dist_1e8vcs8._.js:776
[  336238ms] [LOG] [Fast Refresh] done in 5561ms @ http://localhost:3000/_next/static/chunks/node_modules_next_dist_1e8vcs8._.js:776
[  336300ms] [LOG] [Fast Refresh] done in 5561ms @ http://localhost:3000/_next/static/chunks/node_modules_next_dist_1e8vcs8._.js:776
[  336362ms] [LOG] [Fast Refresh] done in 5561ms @ http://localhost:3000/_next/static/chunks/node_modules_next_dist_1e8vcs8._.js:776
[  336426ms] [LOG] [Fast Refresh] done in 5561ms @ http://localhost:3000/_next/static/chunks/node_modules_next_dist_1e8vcs8._.js:776
[  336490ms] [LOG] [Fast Refresh] done in 5561ms @ http://localhost:3000/_next/static/chunks/node_modules_next_dist_1e8vcs8._.js:776
[  336552ms] [LOG] [Fast Refresh] done in 5561ms @ http://localhost:3000/_next/static/chunks/node_modules_next_dist_1e8vcs8._.js:776
[  336615ms] [LOG] [Fast Refresh] done in 5561ms @ http://localhost:3000/_next/static/chunks/node_modules_next_dist_1e8vcs8._.js:776
[  336678ms] [LOG] [Fast Refresh] done in 5561ms @ http://localhost:3000/_next/static/chunks/node_modules_next_dist_1e8vcs8._.js:776
[  336741ms] [LOG] [Fast Refresh] done in 5561ms @ http://localhost:3000/_next/static/chunks/node_modules_next_dist_1e8vcs8._.js:776
[  336805ms] [LOG] [Fast Refresh] done in 5561ms @ http://localhost:3000/_next/static/chunks/node_modules_next_dist_1e8vcs8._.js:776
[  336868ms] [LOG] [Fast Refresh] done in 5561ms @ http://localhost:3000/_next/static/chunks/node_modules_next_dist_1e8vcs8._.js:776
[  336932ms] [LOG] [Fast Refresh] done in 5561ms @ http://localhost:3000/_next/static/chunks/node_modules_next_dist_1e8vcs8._.js:776
[  336994ms] [LOG] [Fast Refresh] done in 5561ms @ http://localhost:3000/_next/static/chunks/node_modules_next_dist_1e8vcs8._.js:776
[  337057ms] [LOG] [Fast Refresh] done in 5561ms @ http://localhost:3000/_next/static/chunks/node_modules_next_dist_1e8vcs8._.js:776
[  337121ms] [LOG] [Fast Refresh] done in 5561ms @ http://localhost:3000/_next/static/chunks/node_modules_next_dist_1e8vcs8._.js:776
[  337183ms] [LOG] [Fast Refresh] done in 5561ms @ http://localhost:3000/_next/static/chunks/node_modules_next_dist_1e8vcs8._.js:776
[  337246ms] [LOG] [Fast Refresh] done in 5561ms @ http://localhost:3000/_next/static/chunks/node_modules_next_dist_1e8vcs8._.js:776
[  337310ms] [LOG] [Fast Refresh] done in 5561ms @ http://localhost:3000/_next/static/chunks/node_modules_next_dist_1e8vcs8._.js:776
[  337372ms] [LOG] [Fast Refresh] done in 5561ms @ http://localhost:3000/_next/static/chunks/node_modules_next_dist_1e8vcs8._.js:776
[  337437ms] [LOG] [Fast Refresh] done in 5561ms @ http://localhost:3000/_next/static/chunks/node_modules_next_dist_1e8vcs8._.js:776
[  337499ms] [LOG] [Fast Refresh] done in 5561ms @ http://localhost:3000/_next/static/chunks/node_modules_next_dist_1e8vcs8._.js:776
[  337563ms] [LOG] [Fast Refresh] done in 5561ms @ http://localhost:3000/_next/static/chunks/node_modules_next_dist_1e8vcs8._.js:776
[  337627ms] [LOG] [Fast Refresh] done in 5561ms @ http://localhost:3000/_next/static/chunks/node_modules_next_dist_1e8vcs8._.js:776
[  337690ms] [LOG] [Fast Refresh] done in 5561ms @ http://localhost:3000/_next/static/chunks/node_modules_next_dist_1e8vcs8._.js:776
[  337754ms] [LOG] [Fast Refresh] done in 5561ms @ http://localhost:3000/_next/static/chunks/node_modules_next_dist_1e8vcs8._.js:776
[  337817ms] [LOG] [Fast Refresh] done in 5561ms @ http://localhost:3000/_next/static/chunks/node_modules_next_dist_1e8vcs8._.js:776
[  337880ms] [LOG] [Fast Refresh] done in 5561ms @ http://localhost:3000/_next/static/chunks/node_modules_next_dist_1e8vcs8._.js:776
[  337944ms] [LOG] [Fast Refresh] done in 5561ms @ http://localhost:3000/_next/static/chunks/node_modules_next_dist_1e8vcs8._.js:776
[  338008ms] [LOG] [Fast Refresh] done in 5561ms @ http://localhost:3000/_next/static/chunks/node_modules_next_dist_1e8vcs8._.js:776
[  338071ms] [LOG] [Fast Refresh] done in 5561ms @ http://localhost:3000/_next/static/chunks/node_modules_next_dist_1e8vcs8._.js:776
[  338134ms] [LOG] [Fast Refresh] done in 5561ms @ http://localhost:3000/_next/static/chunks/node_modules_next_dist_1e8vcs8._.js:776
[  338198ms] [LOG] [Fast Refresh] done in 5561ms @ http://localhost:3000/_next/static/chunks/node_modules_next_dist_1e8vcs8._.js:776
[  338261ms] [LOG] [Fast Refresh] done in 5561ms @ http://localhost:3000/_next/static/chunks/node_modules_next_dist_1e8vcs8._.js:776
[  338325ms] [LOG] [Fast Refresh] done in 5561ms @ http://localhost:3000/_next/static/chunks/node_modules_next_dist_1e8vcs8._.js:776
[  338389ms] [LOG] [Fast Refresh] done in 5561ms @ http://localhost:3000/_next/static/chunks/node_modules_next_dist_1e8vcs8._.js:776
[  338450ms] [LOG] [Fast Refresh] done in 5561ms @ http://localhost:3000/_next/static/chunks/node_modules_next_dist_1e8vcs8._.js:776
[  338513ms] [LOG] [Fast Refresh] done in 5561ms @ http://localhost:3000/_next/static/chunks/node_modules_next_dist_1e8vcs8._.js:776
[  338575ms] [LOG] [Fast Refresh] done in 5561ms @ http://localhost:3000/_next/static/chunks/node_modules_next_dist_1e8vcs8._.js:776
[  338638ms] [LOG] [Fast Refresh] done in 5561ms @ http://localhost:3000/_next/static/chunks/node_modules_next_dist_1e8vcs8._.js:776
[  338702ms] [LOG] [Fast Refresh] done in 5561ms @ http://localhost:3000/_next/static/chunks/node_modules_next_dist_1e8vcs8._.js:776
[  338764ms] [LOG] [Fast Refresh] done in 5561ms @ http://localhost:3000/_next/static/chunks/node_modules_next_dist_1e8vcs8._.js:776
[  338828ms] [LOG] [Fast Refresh] done in 5561ms @ http://localhost:3000/_next/static/chunks/node_modules_next_dist_1e8vcs8._.js:776
[  338891ms] [LOG] [Fast Refresh] done in 5561ms @ http://localhost:3000/_next/static/chunks/node_modules_next_dist_1e8vcs8._.js:776
[  338969ms] [LOG] [Fast Refresh] done in 5561ms @ http://localhost:3000/_next/static/chunks/node_modules_next_dist_1e8vcs8._.js:776
[  339032ms] [LOG] [Fast Refresh] done in 5561ms @ http://localhost:3000/_next/static/chunks/node_modules_next_dist_1e8vcs8._.js:776
[  339096ms] [LOG] [Fast Refresh] done in 5561ms @ http://localhost:3000/_next/static/chunks/node_modules_next_dist_1e8vcs8._.js:776
[  339160ms] [LOG] [Fast Refresh] done in 5561ms @ http://localhost:3000/_next/static/chunks/node_modules_next_dist_1e8vcs8._.js:776
[  339222ms] [LOG] [Fast Refresh] done in 5561ms @ http://localhost:3000/_next/static/chunks/node_modules_next_dist_1e8vcs8._.js:776
[  339285ms] [LOG] [Fast Refresh] done in 5561ms @ http://localhost:3000/_next/static/chunks/node_modules_next_dist_1e8vcs8._.js:776
[  339349ms] [LOG] [Fast Refresh] done in 5561ms @ http://localhost:3000/_next/static/chunks/node_modules_next_dist_1e8vcs8._.js:776
[  339412ms] [LOG] [Fast Refresh] done in 5561ms @ http://localhost:3000/_next/static/chunks/node_modules_next_dist_1e8vcs8._.js:776
[  339476ms] [LOG] [Fast Refresh] done in 5561ms @ http://localhost:3000/_next/static/chunks/node_modules_next_dist_1e8vcs8._.js:776
[  339539ms] [LOG] [Fast Refresh] done in 5561ms @ http://localhost:3000/_next/static/chunks/node_modules_next_dist_1e8vcs8._.js:776
[  339603ms] [LOG] [Fast Refresh] done in 5561ms @ http://localhost:3000/_next/static/chunks/node_modules_next_dist_1e8vcs8._.js:776
[  339666ms] [LOG] [Fast Refresh] done in 5561ms @ http://localhost:3000/_next/static/chunks/node_modules_next_dist_1e8vcs8._.js:776
[  339728ms] [LOG] [Fast Refresh] done in 5561ms @ http://localhost:3000/_next/static/chunks/node_modules_next_dist_1e8vcs8._.js:776
[  339792ms] [LOG] [Fast Refresh] done in 5561ms @ http://localhost:3000/_next/static/chunks/node_modules_next_dist_1e8vcs8._.js:776
[  339856ms] [LOG] [Fast Refresh] done in 5561ms @ http://localhost:3000/_next/static/chunks/node_modules_next_dist_1e8vcs8._.js:776
[  339919ms] [LOG] [Fast Refresh] done in 5561ms @ http://localhost:3000/_next/static/chunks/node_modules_next_dist_1e8vcs8._.js:776
[  339982ms] [LOG] [Fast Refresh] done in 5561ms @ http://localhost:3000/_next/static/chunks/node_modules_next_dist_1e8vcs8._.js:776
[  340046ms] [LOG] [Fast Refresh] done in 5561ms @ http://localhost:3000/_next/static/chunks/node_modules_next_dist_1e8vcs8._.js:776
[  340108ms] [LOG] [Fast Refresh] done in 5561ms @ http://localhost:3000/_next/static/chunks/node_modules_next_dist_1e8vcs8._.js:776
[  340171ms] [LOG] [Fast Refresh] done in 5561ms @ http://localhost:3000/_next/static/chunks/node_modules_next_dist_1e8vcs8._.js:776
[  340235ms] [LOG] [Fast Refresh] done in 5561ms @ http://localhost:3000/_next/static/chunks/node_modules_next_dist_1e8vcs8._.js:776
[  340297ms] [LOG] [Fast Refresh] done in 5561ms @ http://localhost:3000/_next/static/chunks/node_modules_next_dist_1e8vcs8._.js:776
[  340362ms] [LOG] [Fast Refresh] done in 5561ms @ http://localhost:3000/_next/static/chunks/node_modules_next_dist_1e8vcs8._.js:776
[  340425ms] [LOG] [Fast Refresh] done in 5561ms @ http://localhost:3000/_next/static/chunks/node_modules_next_dist_1e8vcs8._.js:776
[  340490ms] [LOG] [Fast Refresh] done in 5561ms @ http://localhost:3000/_next/static/chunks/node_modules_next_dist_1e8vcs8._.js:776
[  340554ms] [LOG] [Fast Refresh] done in 5561ms @ http://localhost:3000/_next/static/chunks/node_modules_next_dist_1e8vcs8._.js:776
[  340616ms] [LOG] [Fast Refresh] done in 5561ms @ http://localhost:3000/_next/static/chunks/node_modules_next_dist_1e8vcs8._.js:776
[  340678ms] [LOG] [Fast Refresh] done in 5561ms @ http://localhost:3000/_next/static/chunks/node_modules_next_dist_1e8vcs8._.js:776
[  340740ms] [LOG] [Fast Refresh] done in 5561ms @ http://localhost:3000/_next/static/chunks/node_modules_next_dist_1e8vcs8._.js:776
[  340803ms] [LOG] [Fast Refresh] done in 5561ms @ http://localhost:3000/_next/static/chunks/node_modules_next_dist_1e8vcs8._.js:776
[  340866ms] [LOG] [Fast Refresh] done in 5561ms @ http://localhost:3000/_next/static/chunks/node_modules_next_dist_1e8vcs8._.js:776
[  340929ms] [LOG] [Fast Refresh] done in 5561ms @ http://localhost:3000/_next/static/chunks/node_modules_next_dist_1e8vcs8._.js:776
[  340992ms] [LOG] [Fast Refresh] done in 5561ms @ http://localhost:3000/_next/static/chunks/node_modules_next_dist_1e8vcs8._.js:776
[  341056ms] [LOG] [Fast Refresh] done in 5561ms @ http://localhost:3000/_next/static/chunks/node_modules_next_dist_1e8vcs8._.js:776
[  341118ms] [LOG] [Fast Refresh] done in 5561ms @ http://localhost:3000/_next/static/chunks/node_modules_next_dist_1e8vcs8._.js:776
[  341180ms] [LOG] [Fast Refresh] done in 5561ms @ http://localhost:3000/_next/static/chunks/node_modules_next_dist_1e8vcs8._.js:776
[  341244ms] [LOG] [Fast Refresh] done in 5561ms @ http://localhost:3000/_next/static/chunks/node_modules_next_dist_1e8vcs8._.js:776
[  341307ms] [LOG] [Fast Refresh] done in 5561ms @ http://localhost:3000/_next/static/chunks/node_modules_next_dist_1e8vcs8._.js:776
[  341370ms] [LOG] [Fast Refresh] done in 5561ms @ http://localhost:3000/_next/static/chunks/node_modules_next_dist_1e8vcs8._.js:776
[  341434ms] [LOG] [Fast Refresh] done in 5561ms @ http://localhost:3000/_next/static/chunks/node_modules_next_dist_1e8vcs8._.js:776
[  341497ms] [LOG] [Fast Refresh] done in 5561ms @ http://localhost:3000/_next/static/chunks/node_modules_next_dist_1e8vcs8._.js:776
[  341560ms] [LOG] [Fast Refresh] done in 5561ms @ http://localhost:3000/_next/static/chunks/node_modules_next_dist_1e8vcs8._.js:776
[  341624ms] [LOG] [Fast Refresh] done in 5561ms @ http://localhost:3000/_next/static/chunks/node_modules_next_dist_1e8vcs8._.js:776
[  341688ms] [LOG] [Fast Refresh] done in 5561ms @ http://localhost:3000/_next/static/chunks/node_modules_next_dist_1e8vcs8._.js:776
[  341751ms] [LOG] [Fast Refresh] done in 5561ms @ http://localhost:3000/_next/static/chunks/node_modules_next_dist_1e8vcs8._.js:776
[  341816ms] [LOG] [Fast Refresh] done in 5561ms @ http://localhost:3000/_next/static/chunks/node_modules_next_dist_1e8vcs8._.js:776
[  341879ms] [LOG] [Fast Refresh] done in 5561ms @ http://localhost:3000/_next/static/chunks/node_modules_next_dist_1e8vcs8._.js:776
[  341939ms] [LOG] [Fast Refresh] done in 5561ms @ http://localhost:3000/_next/static/chunks/node_modules_next_dist_1e8vcs8._.js:776
[  342003ms] [LOG] [Fast Refresh] done in 5561ms @ http://localhost:3000/_next/static/chunks/node_modules_next_dist_1e8vcs8._.js:776
[  342067ms] [LOG] [Fast Refresh] done in 5561ms @ http://localhost:3000/_next/static/chunks/node_modules_next_dist_1e8vcs8._.js:776
[  342131ms] [LOG] [Fast Refresh] done in 5561ms @ http://localhost:3000/_next/static/chunks/node_modules_next_dist_1e8vcs8._.js:776
[  342195ms] [LOG] [Fast Refresh] done in 5561ms @ http://localhost:3000/_next/static/chunks/node_modules_next_dist_1e8vcs8._.js:776
[  342261ms] [LOG] [Fast Refresh] done in 5561ms @ http://localhost:3000/_next/static/chunks/node_modules_next_dist_1e8vcs8._.js:776
[  342324ms] [LOG] [Fast Refresh] done in 5561ms @ http://localhost:3000/_next/static/chunks/node_modules_next_dist_1e8vcs8._.js:776
[  342388ms] [LOG] [Fast Refresh] done in 5561ms @ http://localhost:3000/_next/static/chunks/node_modules_next_dist_1e8vcs8._.js:776
[  342450ms] [LOG] [Fast Refresh] done in 5561ms @ http://localhost:3000/_next/static/chunks/node_modules_next_dist_1e8vcs8._.js:776
[  342513ms] [LOG] [Fast Refresh] done in 5561ms @ http://localhost:3000/_next/static/chunks/node_modules_next_dist_1e8vcs8._.js:776
[  342578ms] [LOG] [Fast Refresh] done in 5561ms @ http://localhost:3000/_next/static/chunks/node_modules_next_dist_1e8vcs8._.js:776
[  342642ms] [LOG] [Fast Refresh] done in 5561ms @ http://localhost:3000/_next/static/chunks/node_modules_next_dist_1e8vcs8._.js:776
[  342704ms] [LOG] [Fast Refresh] done in 5561ms @ http://localhost:3000/_next/static/chunks/node_modules_next_dist_1e8vcs8._.js:776
[  342770ms] [LOG] [Fast Refresh] done in 5561ms @ http://localhost:3000/_next/static/chunks/node_modules_next_dist_1e8vcs8._.js:776
[  342833ms] [LOG] [Fast Refresh] done in 5561ms @ http://localhost:3000/_next/static/chunks/node_modules_next_dist_1e8vcs8._.js:776
[  342896ms] [LOG] [Fast Refresh] done in 5561ms @ http://localhost:3000/_next/static/chunks/node_modules_next_dist_1e8vcs8._.js:776
[  342958ms] [LOG] [Fast Refresh] done in 5561ms @ http://localhost:3000/_next/static/chunks/node_modules_next_dist_1e8vcs8._.js:776
[  343022ms] [LOG] [Fast Refresh] done in 5561ms @ http://localhost:3000/_next/static/chunks/node_modules_next_dist_1e8vcs8._.js:776
[  343084ms] [LOG] [Fast Refresh] done in 5561ms @ http://localhost:3000/_next/static/chunks/node_modules_next_dist_1e8vcs8._.js:776
[  343147ms] [LOG] [Fast Refresh] done in 5561ms @ http://localhost:3000/_next/static/chunks/node_modules_next_dist_1e8vcs8._.js:776
[  343210ms] [LOG] [Fast Refresh] done in 5561ms @ http://localhost:3000/_next/static/chunks/node_modules_next_dist_1e8vcs8._.js:776
[  343273ms] [LOG] [Fast Refresh] done in 5561ms @ http://localhost:3000/_next/static/chunks/node_modules_next_dist_1e8vcs8._.js:776
[  343337ms] [LOG] [Fast Refresh] done in 5561ms @ http://localhost:3000/_next/static/chunks/node_modules_next_dist_1e8vcs8._.js:776
[  343401ms] [LOG] [Fast Refresh] done in 5561ms @ http://localhost:3000/_next/static/chunks/node_modules_next_dist_1e8vcs8._.js:776
[  343463ms] [LOG] [Fast Refresh] done in 5561ms @ http://localhost:3000/_next/static/chunks/node_modules_next_dist_1e8vcs8._.js:776
[  343526ms] [LOG] [Fast Refresh] done in 5561ms @ http://localhost:3000/_next/static/chunks/node_modules_next_dist_1e8vcs8._.js:776
[  343589ms] [LOG] [Fast Refresh] done in 5561ms @ http://localhost:3000/_next/static/chunks/node_modules_next_dist_1e8vcs8._.js:776
[  343653ms] [LOG] [Fast Refresh] done in 5561ms @ http://localhost:3000/_next/static/chunks/node_modules_next_dist_1e8vcs8._.js:776
[  343715ms] [LOG] [Fast Refresh] done in 5561ms @ http://localhost:3000/_next/static/chunks/node_modules_next_dist_1e8vcs8._.js:776
[  343778ms] [LOG] [Fast Refresh] done in 5561ms @ http://localhost:3000/_next/static/chunks/node_modules_next_dist_1e8vcs8._.js:776
[  343842ms] [LOG] [Fast Refresh] done in 5561ms @ http://localhost:3000/_next/static/chunks/node_modules_next_dist_1e8vcs8._.js:776
[  343905ms] [LOG] [Fast Refresh] done in 5561ms @ http://localhost:3000/_next/static/chunks/node_modules_next_dist_1e8vcs8._.js:776
[  343969ms] [LOG] [Fast Refresh] done in 5561ms @ http://localhost:3000/_next/static/chunks/node_modules_next_dist_1e8vcs8._.js:776
[  344032ms] [LOG] [Fast Refresh] done in 5561ms @ http://localhost:3000/_next/static/chunks/node_modules_next_dist_1e8vcs8._.js:776
[  344095ms] [LOG] [Fast Refresh] done in 5561ms @ http://localhost:3000/_next/static/chunks/node_modules_next_dist_1e8vcs8._.js:776
[  344158ms] [LOG] [Fast Refresh] done in 5561ms @ http://localhost:3000/_next/static/chunks/node_modules_next_dist_1e8vcs8._.js:776
[  344220ms] [LOG] [Fast Refresh] done in 5561ms @ http://localhost:3000/_next/static/chunks/node_modules_next_dist_1e8vcs8._.js:776
[  344285ms] [LOG] [Fast Refresh] done in 5561ms @ http://localhost:3000/_next/static/chunks/node_modules_next_dist_1e8vcs8._.js:776
[  344346ms] [LOG] [Fast Refresh] done in 5561ms @ http://localhost:3000/_next/static/chunks/node_modules_next_dist_1e8vcs8._.js:776
[  344410ms] [LOG] [Fast Refresh] done in 5561ms @ http://localhost:3000/_next/static/chunks/node_modules_next_dist_1e8vcs8._.js:776
[  344472ms] [LOG] [Fast Refresh] done in 5561ms @ http://localhost:3000/_next/static/chunks/node_modules_next_dist_1e8vcs8._.js:776
[  344536ms] [LOG] [Fast Refresh] done in 5561ms @ http://localhost:3000/_next/static/chunks/node_modules_next_dist_1e8vcs8._.js:776
[  344601ms] [LOG] [Fast Refresh] done in 5561ms @ http://localhost:3000/_next/static/chunks/node_modules_next_dist_1e8vcs8._.js:776
[  344663ms] [LOG] [Fast Refresh] done in 5561ms @ http://localhost:3000/_next/static/chunks/node_modules_next_dist_1e8vcs8._.js:776
[  344727ms] [LOG] [Fast Refresh] done in 5561ms @ http://localhost:3000/_next/static/chunks/node_modules_next_dist_1e8vcs8._.js:776
[  344790ms] [LOG] [Fast Refresh] done in 5561ms @ http://localhost:3000/_next/static/chunks/node_modules_next_dist_1e8vcs8._.js:776
[  344853ms] [LOG] [Fast Refresh] done in 5561ms @ http://localhost:3000/_next/static/chunks/node_modules_next_dist_1e8vcs8._.js:776
[  344915ms] [LOG] [Fast Refresh] done in 5561ms @ http://localhost:3000/_next/static/chunks/node_modules_next_dist_1e8vcs8._.js:776
[  344979ms] [LOG] [Fast Refresh] done in 5561ms @ http://localhost:3000/_next/static/chunks/node_modules_next_dist_1e8vcs8._.js:776
[  345044ms] [LOG] [Fast Refresh] done in 5561ms @ http://localhost:3000/_next/static/chunks/node_modules_next_dist_1e8vcs8._.js:776
[  345106ms] [LOG] [Fast Refresh] done in 5561ms @ http://localhost:3000/_next/static/chunks/node_modules_next_dist_1e8vcs8._.js:776
[  345168ms] [LOG] [Fast Refresh] done in 5561ms @ http://localhost:3000/_next/static/chunks/node_modules_next_dist_1e8vcs8._.js:776
[  345228ms] [LOG] [Fast Refresh] done in 5561ms @ http://localhost:3000/_next/static/chunks/node_modules_next_dist_1e8vcs8._.js:776
[  345291ms] [LOG] [Fast Refresh] done in 5561ms @ http://localhost:3000/_next/static/chunks/node_modules_next_dist_1e8vcs8._.js:776
[  345355ms] [LOG] [Fast Refresh] done in 5561ms @ http://localhost:3000/_next/static/chunks/node_modules_next_dist_1e8vcs8._.js:776
[  345419ms] [LOG] [Fast Refresh] done in 5561ms @ http://localhost:3000/_next/static/chunks/node_modules_next_dist_1e8vcs8._.js:776
[  345481ms] [LOG] [Fast Refresh] done in 5561ms @ http://localhost:3000/_next/static/chunks/node_modules_next_dist_1e8vcs8._.js:776
[  345545ms] [LOG] [Fast Refresh] done in 5561ms @ http://localhost:3000/_next/static/chunks/node_modules_next_dist_1e8vcs8._.js:776
[  345609ms] [LOG] [Fast Refresh] done in 5561ms @ http://localhost:3000/_next/static/chunks/node_modules_next_dist_1e8vcs8._.js:776
[  345672ms] [LOG] [Fast Refresh] done in 5561ms @ http://localhost:3000/_next/static/chunks/node_modules_next_dist_1e8vcs8._.js:776
[  345736ms] [LOG] [Fast Refresh] done in 5561ms @ http://localhost:3000/_next/static/chunks/node_modules_next_dist_1e8vcs8._.js:776
[  345798ms] [LOG] [Fast Refresh] done in 5561ms @ http://localhost:3000/_next/static/chunks/node_modules_next_dist_1e8vcs8._.js:776
[  345863ms] [LOG] [Fast Refresh] done in 5561ms @ http://localhost:3000/_next/static/chunks/node_modules_next_dist_1e8vcs8._.js:776
[  345927ms] [LOG] [Fast Refresh] done in 5561ms @ http://localhost:3000/_next/static/chunks/node_modules_next_dist_1e8vcs8._.js:776
[  345990ms] [LOG] [Fast Refresh] done in 5561ms @ http://localhost:3000/_next/static/chunks/node_modules_next_dist_1e8vcs8._.js:776
[  346054ms] [LOG] [Fast Refresh] done in 5561ms @ http://localhost:3000/_next/static/chunks/node_modules_next_dist_1e8vcs8._.js:776
[  346117ms] [LOG] [Fast Refresh] done in 5561ms @ http://localhost:3000/_next/static/chunks/node_modules_next_dist_1e8vcs8._.js:776
[  346180ms] [LOG] [Fast Refresh] done in 5561ms @ http://localhost:3000/_next/static/chunks/node_modules_next_dist_1e8vcs8._.js:776
[  346244ms] [LOG] [Fast Refresh] done in 5561ms @ http://localhost:3000/_next/static/chunks/node_modules_next_dist_1e8vcs8._.js:776
[  346307ms] [LOG] [Fast Refresh] done in 5561ms @ http://localhost:3000/_next/static/chunks/node_modules_next_dist_1e8vcs8._.js:776
[  346370ms] [LOG] [Fast Refresh] done in 5561ms @ http://localhost:3000/_next/static/chunks/node_modules_next_dist_1e8vcs8._.js:776
[  346434ms] [LOG] [Fast Refresh] done in 5561ms @ http://localhost:3000/_next/static/chunks/node_modules_next_dist_1e8vcs8._.js:776
[  346497ms] [LOG] [Fast Refresh] done in 5561ms @ http://localhost:3000/_next/static/chunks/node_modules_next_dist_1e8vcs8._.js:776
[  346561ms] [LOG] [Fast Refresh] done in 5561ms @ http://localhost:3000/_next/static/chunks/node_modules_next_dist_1e8vcs8._.js:776
[  346624ms] [LOG] [Fast Refresh] done in 5561ms @ http://localhost:3000/_next/static/chunks/node_modules_next_dist_1e8vcs8._.js:776
[  346687ms] [LOG] [Fast Refresh] done in 5561ms @ http://localhost:3000/_next/static/chunks/node_modules_next_dist_1e8vcs8._.js:776
[  346750ms] [LOG] [Fast Refresh] done in 5561ms @ http://localhost:3000/_next/static/chunks/node_modules_next_dist_1e8vcs8._.js:776
[  346815ms] [LOG] [Fast Refresh] done in 5561ms @ http://localhost:3000/_next/static/chunks/node_modules_next_dist_1e8vcs8._.js:776
[  346878ms] [LOG] [Fast Refresh] done in 5561ms @ http://localhost:3000/_next/static/chunks/node_modules_next_dist_1e8vcs8._.js:776
[  346943ms] [LOG] [Fast Refresh] done in 5561ms @ http://localhost:3000/_next/static/chunks/node_modules_next_dist_1e8vcs8._.js:776
[  347003ms] [LOG] [Fast Refresh] done in 5561ms @ http://localhost:3000/_next/static/chunks/node_modules_next_dist_1e8vcs8._.js:776
[  347066ms] [LOG] [Fast Refresh] done in 5561ms @ http://localhost:3000/_next/static/chunks/node_modules_next_dist_1e8vcs8._.js:776
[  347130ms] [LOG] [Fast Refresh] done in 5561ms @ http://localhost:3000/_next/static/chunks/node_modules_next_dist_1e8vcs8._.js:776
[  347193ms] [LOG] [Fast Refresh] done in 5561ms @ http://localhost:3000/_next/static/chunks/node_modules_next_dist_1e8vcs8._.js:776
[  347255ms] [LOG] [Fast Refresh] done in 5561ms @ http://localhost:3000/_next/static/chunks/node_modules_next_dist_1e8vcs8._.js:776
[  347319ms] [LOG] [Fast Refresh] done in 5561ms @ http://localhost:3000/_next/static/chunks/node_modules_next_dist_1e8vcs8._.js:776
[  347382ms] [LOG] [Fast Refresh] done in 5561ms @ http://localhost:3000/_next/static/chunks/node_modules_next_dist_1e8vcs8._.js:776
[  347445ms] [LOG] [Fast Refresh] done in 5561ms @ http://localhost:3000/_next/static/chunks/node_modules_next_dist_1e8vcs8._.js:776
[  347498ms] [LOG] [Fast Refresh] done in 5561ms @ http://localhost:3000/_next/static/chunks/node_modules_next_dist_1e8vcs8._.js:776
[  347554ms] [LOG] [Fast Refresh] done in 5561ms @ http://localhost:3000/_next/static/chunks/node_modules_next_dist_1e8vcs8._.js:776
[  347618ms] [LOG] [Fast Refresh] done in 5561ms @ http://localhost:3000/_next/static/chunks/node_modules_next_dist_1e8vcs8._.js:776
[  347681ms] [LOG] [Fast Refresh] done in 5561ms @ http://localhost:3000/_next/static/chunks/node_modules_next_dist_1e8vcs8._.js:776
[  347747ms] [LOG] [Fast Refresh] done in 5561ms @ http://localhost:3000/_next/static/chunks/node_modules_next_dist_1e8vcs8._.js:776
[  347808ms] [LOG] [Fast Refresh] done in 5561ms @ http://localhost:3000/_next/static/chunks/node_modules_next_dist_1e8vcs8._.js:776
[  347872ms] [LOG] [Fast Refresh] done in 5561ms @ http://localhost:3000/_next/static/chunks/node_modules_next_dist_1e8vcs8._.js:776
[  347932ms] [LOG] [Fast Refresh] done in 5561ms @ http://localhost:3000/_next/static/chunks/node_modules_next_dist_1e8vcs8._.js:776
[  347996ms] [LOG] [Fast Refresh] done in 5561ms @ http://localhost:3000/_next/static/chunks/node_modules_next_dist_1e8vcs8._.js:776
[  348059ms] [LOG] [Fast Refresh] done in 5561ms @ http://localhost:3000/_next/static/chunks/node_modules_next_dist_1e8vcs8._.js:776
[  348122ms] [LOG] [Fast Refresh] done in 5561ms @ http://localhost:3000/_next/static/chunks/node_modules_next_dist_1e8vcs8._.js:776
[  348186ms] [LOG] [Fast Refresh] done in 5561ms @ http://localhost:3000/_next/static/chunks/node_modules_next_dist_1e8vcs8._.js:776
[  348249ms] [LOG] [Fast Refresh] done in 5561ms @ http://localhost:3000/_next/static/chunks/node_modules_next_dist_1e8vcs8._.js:776
[  348312ms] [LOG] [Fast Refresh] done in 5561ms @ http://localhost:3000/_next/static/chunks/node_modules_next_dist_1e8vcs8._.js:776
[  348376ms] [LOG] [Fast Refresh] done in 5561ms @ http://localhost:3000/_next/static/chunks/node_modules_next_dist_1e8vcs8._.js:776
[  348440ms] [LOG] [Fast Refresh] done in 5561ms @ http://localhost:3000/_next/static/chunks/node_modules_next_dist_1e8vcs8._.js:776
[  348503ms] [LOG] [Fast Refresh] done in 5561ms @ http://localhost:3000/_next/static/chunks/node_modules_next_dist_1e8vcs8._.js:776
[  348566ms] [LOG] [Fast Refresh] done in 5561ms @ http://localhost:3000/_next/static/chunks/node_modules_next_dist_1e8vcs8._.js:776
[  348630ms] [LOG] [Fast Refresh] done in 5561ms @ http://localhost:3000/_next/static/chunks/node_modules_next_dist_1e8vcs8._.js:776
[  348693ms] [LOG] [Fast Refresh] done in 5561ms @ http://localhost:3000/_next/static/chunks/node_modules_next_dist_1e8vcs8._.js:776
[  348757ms] [LOG] [Fast Refresh] done in 5561ms @ http://localhost:3000/_next/static/chunks/node_modules_next_dist_1e8vcs8._.js:776
[  348821ms] [LOG] [Fast Refresh] done in 5561ms @ http://localhost:3000/_next/static/chunks/node_modules_next_dist_1e8vcs8._.js:776
[  348884ms] [LOG] [Fast Refresh] done in 5561ms @ http://localhost:3000/_next/static/chunks/node_modules_next_dist_1e8vcs8._.js:776
[  348948ms] [LOG] [Fast Refresh] done in 5561ms @ http://localhost:3000/_next/static/chunks/node_modules_next_dist_1e8vcs8._.js:776
[  349012ms] [LOG] [Fast Refresh] done in 5561ms @ http://localhost:3000/_next/static/chunks/node_modules_next_dist_1e8vcs8._.js:776
[  349075ms] [LOG] [Fast Refresh] done in 5561ms @ http://localhost:3000/_next/static/chunks/node_modules_next_dist_1e8vcs8._.js:776
[  349138ms] [LOG] [Fast Refresh] done in 5561ms @ http://localhost:3000/_next/static/chunks/node_modules_next_dist_1e8vcs8._.js:776
[  349202ms] [LOG] [Fast Refresh] done in 5561ms @ http://localhost:3000/_next/static/chunks/node_modules_next_dist_1e8vcs8._.js:776
[  349266ms] [LOG] [Fast Refresh] done in 5561ms @ http://localhost:3000/_next/static/chunks/node_modules_next_dist_1e8vcs8._.js:776
[  349328ms] [LOG] [Fast Refresh] done in 5561ms @ http://localhost:3000/_next/static/chunks/node_modules_next_dist_1e8vcs8._.js:776
[  349392ms] [LOG] [Fast Refresh] done in 5561ms @ http://localhost:3000/_next/static/chunks/node_modules_next_dist_1e8vcs8._.js:776
[  349456ms] [LOG] [Fast Refresh] done in 5561ms @ http://localhost:3000/_next/static/chunks/node_modules_next_dist_1e8vcs8._.js:776
[  349519ms] [LOG] [Fast Refresh] done in 5561ms @ http://localhost:3000/_next/static/chunks/node_modules_next_dist_1e8vcs8._.js:776
[  349583ms] [LOG] [Fast Refresh] done in 5561ms @ http://localhost:3000/_next/static/chunks/node_modules_next_dist_1e8vcs8._.js:776
[  349647ms] [LOG] [Fast Refresh] done in 5561ms @ http://localhost:3000/_next/static/chunks/node_modules_next_dist_1e8vcs8._.js:776
[  349710ms] [LOG] [Fast Refresh] done in 5561ms @ http://localhost:3000/_next/static/chunks/node_modules_next_dist_1e8vcs8._.js:776
[  349773ms] [LOG] [Fast Refresh] done in 5561ms @ http://localhost:3000/_next/static/chunks/node_modules_next_dist_1e8vcs8._.js:776
[  349835ms] [LOG] [Fast Refresh] done in 5561ms @ http://localhost:3000/_next/static/chunks/node_modules_next_dist_1e8vcs8._.js:776
[  349898ms] [LOG] [Fast Refresh] done in 5561ms @ http://localhost:3000/_next/static/chunks/node_modules_next_dist_1e8vcs8._.js:776
[  349962ms] [LOG] [Fast Refresh] done in 5561ms @ http://localhost:3000/_next/static/chunks/node_modules_next_dist_1e8vcs8._.js:776
[  350025ms] [LOG] [Fast Refresh] done in 5561ms @ http://localhost:3000/_next/static/chunks/node_modules_next_dist_1e8vcs8._.js:776
[  350088ms] [LOG] [Fast Refresh] done in 5561ms @ http://localhost:3000/_next/static/chunks/node_modules_next_dist_1e8vcs8._.js:776
[  350151ms] [LOG] [Fast Refresh] done in 5561ms @ http://localhost:3000/_next/static/chunks/node_modules_next_dist_1e8vcs8._.js:776
[  350214ms] [LOG] [Fast Refresh] done in 5561ms @ http://localhost:3000/_next/static/chunks/node_modules_next_dist_1e8vcs8._.js:776
[  350278ms] [LOG] [Fast Refresh] done in 5561ms @ http://localhost:3000/_next/static/chunks/node_modules_next_dist_1e8vcs8._.js:776
[  350341ms] [LOG] [Fast Refresh] done in 5561ms @ http://localhost:3000/_next/static/chunks/node_modules_next_dist_1e8vcs8._.js:776
[  350405ms] [LOG] [Fast Refresh] done in 5561ms @ http://localhost:3000/_next/static/chunks/node_modules_next_dist_1e8vcs8._.js:776
[  350469ms] [LOG] [Fast Refresh] done in 5561ms @ http://localhost:3000/_next/static/chunks/node_modules_next_dist_1e8vcs8._.js:776
[  350531ms] [LOG] [Fast Refresh] done in 5561ms @ http://localhost:3000/_next/static/chunks/node_modules_next_dist_1e8vcs8._.js:776
[  350594ms] [LOG] [Fast Refresh] done in 5561ms @ http://localhost:3000/_next/static/chunks/node_modules_next_dist_1e8vcs8._.js:776
[  350655ms] [LOG] [Fast Refresh] done in 5561ms @ http://localhost:3000/_next/static/chunks/node_modules_next_dist_1e8vcs8._.js:776
[  350718ms] [LOG] [Fast Refresh] done in 5561ms @ http://localhost:3000/_next/static/chunks/node_modules_next_dist_1e8vcs8._.js:776
[  350780ms] [LOG] [Fast Refresh] done in 5561ms @ http://localhost:3000/_next/static/chunks/node_modules_next_dist_1e8vcs8._.js:776
[  350841ms] [LOG] [Fast Refresh] done in 5561ms @ http://localhost:3000/_next/static/chunks/node_modules_next_dist_1e8vcs8._.js:776
[  350905ms] [LOG] [Fast Refresh] done in 5561ms @ http://localhost:3000/_next/static/chunks/node_modules_next_dist_1e8vcs8._.js:776
[  350968ms] [LOG] [Fast Refresh] done in 5561ms @ http://localhost:3000/_next/static/chunks/node_modules_next_dist_1e8vcs8._.js:776
[  351032ms] [LOG] [Fast Refresh] done in 5561ms @ http://localhost:3000/_next/static/chunks/node_modules_next_dist_1e8vcs8._.js:776
[  351096ms] [LOG] [Fast Refresh] done in 5561ms @ http://localhost:3000/_next/static/chunks/node_modules_next_dist_1e8vcs8._.js:776
[  351160ms] [LOG] [Fast Refresh] done in 5561ms @ http://localhost:3000/_next/static/chunks/node_modules_next_dist_1e8vcs8._.js:776
[  351224ms] [LOG] [Fast Refresh] done in 5561ms @ http://localhost:3000/_next/static/chunks/node_modules_next_dist_1e8vcs8._.js:776
[  351286ms] [LOG] [Fast Refresh] done in 5561ms @ http://localhost:3000/_next/static/chunks/node_modules_next_dist_1e8vcs8._.js:776
[  351355ms] [LOG] [Fast Refresh] done in 5561ms @ http://localhost:3000/_next/static/chunks/node_modules_next_dist_1e8vcs8._.js:776
[  351419ms] [LOG] [Fast Refresh] done in 5561ms @ http://localhost:3000/_next/static/chunks/node_modules_next_dist_1e8vcs8._.js:776
[  351483ms] [LOG] [Fast Refresh] done in 5561ms @ http://localhost:3000/_next/static/chunks/node_modules_next_dist_1e8vcs8._.js:776
[  351547ms] [LOG] [Fast Refresh] done in 5561ms @ http://localhost:3000/_next/static/chunks/node_modules_next_dist_1e8vcs8._.js:776
[  351610ms] [LOG] [Fast Refresh] done in 5561ms @ http://localhost:3000/_next/static/chunks/node_modules_next_dist_1e8vcs8._.js:776
[  351673ms] [LOG] [Fast Refresh] done in 5561ms @ http://localhost:3000/_next/static/chunks/node_modules_next_dist_1e8vcs8._.js:776
[  351735ms] [LOG] [Fast Refresh] done in 5561ms @ http://localhost:3000/_next/static/chunks/node_modules_next_dist_1e8vcs8._.js:776
[  351799ms] [LOG] [Fast Refresh] done in 5561ms @ http://localhost:3000/_next/static/chunks/node_modules_next_dist_1e8vcs8._.js:776
[  351863ms] [LOG] [Fast Refresh] done in 5561ms @ http://localhost:3000/_next/static/chunks/node_modules_next_dist_1e8vcs8._.js:776
[  351926ms] [LOG] [Fast Refresh] done in 5561ms @ http://localhost:3000/_next/static/chunks/node_modules_next_dist_1e8vcs8._.js:776
[  351989ms] [LOG] [Fast Refresh] done in 5561ms @ http://localhost:3000/_next/static/chunks/node_modules_next_dist_1e8vcs8._.js:776
[  352052ms] [LOG] [Fast Refresh] done in 5561ms @ http://localhost:3000/_next/static/chunks/node_modules_next_dist_1e8vcs8._.js:776
[  352114ms] [LOG] [Fast Refresh] done in 5561ms @ http://localhost:3000/_next/static/chunks/node_modules_next_dist_1e8vcs8._.js:776
[  352177ms] [LOG] [Fast Refresh] done in 5561ms @ http://localhost:3000/_next/static/chunks/node_modules_next_dist_1e8vcs8._.js:776
[  352241ms] [LOG] [Fast Refresh] done in 5561ms @ http://localhost:3000/_next/static/chunks/node_modules_next_dist_1e8vcs8._.js:776
[  352304ms] [LOG] [Fast Refresh] done in 5561ms @ http://localhost:3000/_next/static/chunks/node_modules_next_dist_1e8vcs8._.js:776
[  352368ms] [LOG] [Fast Refresh] done in 5561ms @ http://localhost:3000/_next/static/chunks/node_modules_next_dist_1e8vcs8._.js:776
[  352431ms] [LOG] [Fast Refresh] done in 5561ms @ http://localhost:3000/_next/static/chunks/node_modules_next_dist_1e8vcs8._.js:776
[  352494ms] [LOG] [Fast Refresh] done in 5561ms @ http://localhost:3000/_next/static/chunks/node_modules_next_dist_1e8vcs8._.js:776
[  352557ms] [LOG] [Fast Refresh] done in 5561ms @ http://localhost:3000/_next/static/chunks/node_modules_next_dist_1e8vcs8._.js:776
[  352620ms] [LOG] [Fast Refresh] done in 5561ms @ http://localhost:3000/_next/static/chunks/node_modules_next_dist_1e8vcs8._.js:776
[  352684ms] [LOG] [Fast Refresh] done in 5561ms @ http://localhost:3000/_next/static/chunks/node_modules_next_dist_1e8vcs8._.js:776
[  352747ms] [LOG] [Fast Refresh] done in 5561ms @ http://localhost:3000/_next/static/chunks/node_modules_next_dist_1e8vcs8._.js:776
[  352811ms] [LOG] [Fast Refresh] done in 5561ms @ http://localhost:3000/_next/static/chunks/node_modules_next_dist_1e8vcs8._.js:776
[  352872ms] [LOG] [Fast Refresh] done in 5561ms @ http://localhost:3000/_next/static/chunks/node_modules_next_dist_1e8vcs8._.js:776
[  352937ms] [LOG] [Fast Refresh] done in 5561ms @ http://localhost:3000/_next/static/chunks/node_modules_next_dist_1e8vcs8._.js:776
[  353000ms] [LOG] [Fast Refresh] done in 5561ms @ http://localhost:3000/_next/static/chunks/node_modules_next_dist_1e8vcs8._.js:776
[  353065ms] [LOG] [Fast Refresh] done in 5561ms @ http://localhost:3000/_next/static/chunks/node_modules_next_dist_1e8vcs8._.js:776
[  353126ms] [LOG] [Fast Refresh] done in 5561ms @ http://localhost:3000/_next/static/chunks/node_modules_next_dist_1e8vcs8._.js:776
[  353192ms] [LOG] [Fast Refresh] done in 5561ms @ http://localhost:3000/_next/static/chunks/node_modules_next_dist_1e8vcs8._.js:776
[  353254ms] [LOG] [Fast Refresh] done in 5561ms @ http://localhost:3000/_next/static/chunks/node_modules_next_dist_1e8vcs8._.js:776
[  353317ms] [LOG] [Fast Refresh] done in 5561ms @ http://localhost:3000/_next/static/chunks/node_modules_next_dist_1e8vcs8._.js:776
[  353382ms] [LOG] [Fast Refresh] done in 5561ms @ http://localhost:3000/_next/static/chunks/node_modules_next_dist_1e8vcs8._.js:776
[  353444ms] [LOG] [Fast Refresh] done in 5561ms @ http://localhost:3000/_next/static/chunks/node_modules_next_dist_1e8vcs8._.js:776
[  353510ms] [LOG] [Fast Refresh] done in 5561ms @ http://localhost:3000/_next/static/chunks/node_modules_next_dist_1e8vcs8._.js:776
[  353572ms] [LOG] [Fast Refresh] done in 5561ms @ http://localhost:3000/_next/static/chunks/node_modules_next_dist_1e8vcs8._.js:776
[  353635ms] [LOG] [Fast Refresh] done in 5561ms @ http://localhost:3000/_next/static/chunks/node_modules_next_dist_1e8vcs8._.js:776
[  353699ms] [LOG] [Fast Refresh] done in 5561ms @ http://localhost:3000/_next/static/chunks/node_modules_next_dist_1e8vcs8._.js:776
[  353761ms] [LOG] [Fast Refresh] done in 5561ms @ http://localhost:3000/_next/static/chunks/node_modules_next_dist_1e8vcs8._.js:776
[  353824ms] [LOG] [Fast Refresh] done in 5561ms @ http://localhost:3000/_next/static/chunks/node_modules_next_dist_1e8vcs8._.js:776
[  353889ms] [LOG] [Fast Refresh] done in 5561ms @ http://localhost:3000/_next/static/chunks/node_modules_next_dist_1e8vcs8._.js:776
[  353951ms] [LOG] [Fast Refresh] done in 5561ms @ http://localhost:3000/_next/static/chunks/node_modules_next_dist_1e8vcs8._.js:776
[  354017ms] [LOG] [Fast Refresh] done in 5561ms @ http://localhost:3000/_next/static/chunks/node_modules_next_dist_1e8vcs8._.js:776
[  354080ms] [LOG] [Fast Refresh] done in 5561ms @ http://localhost:3000/_next/static/chunks/node_modules_next_dist_1e8vcs8._.js:776
[  354141ms] [LOG] [Fast Refresh] done in 5561ms @ http://localhost:3000/_next/static/chunks/node_modules_next_dist_1e8vcs8._.js:776
[  354206ms] [LOG] [Fast Refresh] done in 5561ms @ http://localhost:3000/_next/static/chunks/node_modules_next_dist_1e8vcs8._.js:776
[  354268ms] [LOG] [Fast Refresh] done in 5561ms @ http://localhost:3000/_next/static/chunks/node_modules_next_dist_1e8vcs8._.js:776
[  354329ms] [LOG] [Fast Refresh] done in 5561ms @ http://localhost:3000/_next/static/chunks/node_modules_next_dist_1e8vcs8._.js:776
[  354391ms] [LOG] [Fast Refresh] done in 5561ms @ http://localhost:3000/_next/static/chunks/node_modules_next_dist_1e8vcs8._.js:776
[  354455ms] [LOG] [Fast Refresh] done in 5561ms @ http://localhost:3000/_next/static/chunks/node_modules_next_dist_1e8vcs8._.js:776
[  354521ms] [LOG] [Fast Refresh] done in 5561ms @ http://localhost:3000/_next/static/chunks/node_modules_next_dist_1e8vcs8._.js:776
[  354583ms] [LOG] [Fast Refresh] done in 5561ms @ http://localhost:3000/_next/static/chunks/node_modules_next_dist_1e8vcs8._.js:776
[  354642ms] [LOG] [Fast Refresh] done in 5561ms @ http://localhost:3000/_next/static/chunks/node_modules_next_dist_1e8vcs8._.js:776
[  354706ms] [LOG] [Fast Refresh] done in 5561ms @ http://localhost:3000/_next/static/chunks/node_modules_next_dist_1e8vcs8._.js:776
[  354770ms] [LOG] [Fast Refresh] done in 5561ms @ http://localhost:3000/_next/static/chunks/node_modules_next_dist_1e8vcs8._.js:776
[  354836ms] [LOG] [Fast Refresh] done in 5561ms @ http://localhost:3000/_next/static/chunks/node_modules_next_dist_1e8vcs8._.js:776
[  354900ms] [LOG] [Fast Refresh] done in 5561ms @ http://localhost:3000/_next/static/chunks/node_modules_next_dist_1e8vcs8._.js:776
[  354966ms] [LOG] [Fast Refresh] done in 5561ms @ http://localhost:3000/_next/static/chunks/node_modules_next_dist_1e8vcs8._.js:776
[  355031ms] [LOG] [Fast Refresh] done in 5561ms @ http://localhost:3000/_next/static/chunks/node_modules_next_dist_1e8vcs8._.js:776
[  355093ms] [LOG] [Fast Refresh] done in 5561ms @ http://localhost:3000/_next/static/chunks/node_modules_next_dist_1e8vcs8._.js:776
[  355157ms] [LOG] [Fast Refresh] done in 5561ms @ http://localhost:3000/_next/static/chunks/node_modules_next_dist_1e8vcs8._.js:776
[  355223ms] [LOG] [Fast Refresh] done in 5561ms @ http://localhost:3000/_next/static/chunks/node_modules_next_dist_1e8vcs8._.js:776
[  355286ms] [LOG] [Fast Refresh] done in 5561ms @ http://localhost:3000/_next/static/chunks/node_modules_next_dist_1e8vcs8._.js:776
[  355351ms] [LOG] [Fast Refresh] done in 5561ms @ http://localhost:3000/_next/static/chunks/node_modules_next_dist_1e8vcs8._.js:776
[  355417ms] [LOG] [Fast Refresh] done in 5561ms @ http://localhost:3000/_next/static/chunks/node_modules_next_dist_1e8vcs8._.js:776
[  355477ms] [LOG] [Fast Refresh] done in 5561ms @ http://localhost:3000/_next/static/chunks/node_modules_next_dist_1e8vcs8._.js:776
[  355544ms] [LOG] [Fast Refresh] done in 5561ms @ http://localhost:3000/_next/static/chunks/node_modules_next_dist_1e8vcs8._.js:776
[  355607ms] [LOG] [Fast Refresh] done in 5561ms @ http://localhost:3000/_next/static/chunks/node_modules_next_dist_1e8vcs8._.js:776
[  355670ms] [LOG] [Fast Refresh] done in 5561ms @ http://localhost:3000/_next/static/chunks/node_modules_next_dist_1e8vcs8._.js:776
[  355736ms] [LOG] [Fast Refresh] done in 5561ms @ http://localhost:3000/_next/static/chunks/node_modules_next_dist_1e8vcs8._.js:776
[  355800ms] [LOG] [Fast Refresh] done in 5561ms @ http://localhost:3000/_next/static/chunks/node_modules_next_dist_1e8vcs8._.js:776
[  355863ms] [LOG] [Fast Refresh] done in 5561ms @ http://localhost:3000/_next/static/chunks/node_modules_next_dist_1e8vcs8._.js:776
[  355927ms] [LOG] [Fast Refresh] done in 5561ms @ http://localhost:3000/_next/static/chunks/node_modules_next_dist_1e8vcs8._.js:776
[  355991ms] [LOG] [Fast Refresh] done in 5561ms @ http://localhost:3000/_next/static/chunks/node_modules_next_dist_1e8vcs8._.js:776
[  356054ms] [LOG] [Fast Refresh] done in 5561ms @ http://localhost:3000/_next/static/chunks/node_modules_next_dist_1e8vcs8._.js:776
[  356118ms] [LOG] [Fast Refresh] done in 5561ms @ http://localhost:3000/_next/static/chunks/node_modules_next_dist_1e8vcs8._.js:776
[  356181ms] [LOG] [Fast Refresh] done in 5561ms @ http://localhost:3000/_next/static/chunks/node_modules_next_dist_1e8vcs8._.js:776
[  356246ms] [LOG] [Fast Refresh] done in 5561ms @ http://localhost:3000/_next/static/chunks/node_modules_next_dist_1e8vcs8._.js:776
[  356311ms] [LOG] [Fast Refresh] done in 5561ms @ http://localhost:3000/_next/static/chunks/node_modules_next_dist_1e8vcs8._.js:776
[  356375ms] [LOG] [Fast Refresh] done in 5561ms @ http://localhost:3000/_next/static/chunks/node_modules_next_dist_1e8vcs8._.js:776
[  356436ms] [LOG] [Fast Refresh] done in 5561ms @ http://localhost:3000/_next/static/chunks/node_modules_next_dist_1e8vcs8._.js:776
[  356499ms] [LOG] [Fast Refresh] done in 5561ms @ http://localhost:3000/_next/static/chunks/node_modules_next_dist_1e8vcs8._.js:776
[  356560ms] [LOG] [Fast Refresh] done in 5561ms @ http://localhost:3000/_next/static/chunks/node_modules_next_dist_1e8vcs8._.js:776
[  356622ms] [LOG] [Fast Refresh] done in 5561ms @ http://localhost:3000/_next/static/chunks/node_modules_next_dist_1e8vcs8._.js:776
[  356689ms] [LOG] [Fast Refresh] done in 5561ms @ http://localhost:3000/_next/static/chunks/node_modules_next_dist_1e8vcs8._.js:776
[  356752ms] [LOG] [Fast Refresh] done in 5561ms @ http://localhost:3000/_next/static/chunks/node_modules_next_dist_1e8vcs8._.js:776
[  356815ms] [LOG] [Fast Refresh] done in 5561ms @ http://localhost:3000/_next/static/chunks/node_modules_next_dist_1e8vcs8._.js:776
[  356880ms] [LOG] [Fast Refresh] done in 5561ms @ http://localhost:3000/_next/static/chunks/node_modules_next_dist_1e8vcs8._.js:776
[  356944ms] [LOG] [Fast Refresh] done in 5561ms @ http://localhost:3000/_next/static/chunks/node_modules_next_dist_1e8vcs8._.js:776
[  357007ms] [LOG] [Fast Refresh] done in 5561ms @ http://localhost:3000/_next/static/chunks/node_modules_next_dist_1e8vcs8._.js:776
[  357070ms] [LOG] [Fast Refresh] done in 5561ms @ http://localhost:3000/_next/static/chunks/node_modules_next_dist_1e8vcs8._.js:776
[  357134ms] [LOG] [Fast Refresh] done in 5561ms @ http://localhost:3000/_next/static/chunks/node_modules_next_dist_1e8vcs8._.js:776
[  357195ms] [LOG] [Fast Refresh] done in 5561ms @ http://localhost:3000/_next/static/chunks/node_modules_next_dist_1e8vcs8._.js:776
[  357259ms] [LOG] [Fast Refresh] done in 5561ms @ http://localhost:3000/_next/static/chunks/node_modules_next_dist_1e8vcs8._.js:776
[  357322ms] [LOG] [Fast Refresh] done in 5561ms @ http://localhost:3000/_next/static/chunks/node_modules_next_dist_1e8vcs8._.js:776
[  357388ms] [LOG] [Fast Refresh] done in 5561ms @ http://localhost:3000/_next/static/chunks/node_modules_next_dist_1e8vcs8._.js:776
[  357449ms] [LOG] [Fast Refresh] done in 5561ms @ http://localhost:3000/_next/static/chunks/node_modules_next_dist_1e8vcs8._.js:776
[  357511ms] [LOG] [Fast Refresh] done in 5561ms @ http://localhost:3000/_next/static/chunks/node_modules_next_dist_1e8vcs8._.js:776
[  357576ms] [LOG] [Fast Refresh] done in 5561ms @ http://localhost:3000/_next/static/chunks/node_modules_next_dist_1e8vcs8._.js:776
[  357641ms] [LOG] [Fast Refresh] done in 5561ms @ http://localhost:3000/_next/static/chunks/node_modules_next_dist_1e8vcs8._.js:776
[  357706ms] [LOG] [Fast Refresh] done in 5561ms @ http://localhost:3000/_next/static/chunks/node_modules_next_dist_1e8vcs8._.js:776
[  357766ms] [LOG] [Fast Refresh] done in 5561ms @ http://localhost:3000/_next/static/chunks/node_modules_next_dist_1e8vcs8._.js:776
[  357831ms] [LOG] [Fast Refresh] done in 5561ms @ http://localhost:3000/_next/static/chunks/node_modules_next_dist_1e8vcs8._.js:776
[  357895ms] [LOG] [Fast Refresh] done in 5561ms @ http://localhost:3000/_next/static/chunks/node_modules_next_dist_1e8vcs8._.js:776
[  357958ms] [LOG] [Fast Refresh] done in 5561ms @ http://localhost:3000/_next/static/chunks/node_modules_next_dist_1e8vcs8._.js:776
[  358020ms] [LOG] [Fast Refresh] done in 5561ms @ http://localhost:3000/_next/static/chunks/node_modules_next_dist_1e8vcs8._.js:776
[  358083ms] [LOG] [Fast Refresh] done in 5561ms @ http://localhost:3000/_next/static/chunks/node_modules_next_dist_1e8vcs8._.js:776
[  358146ms] [LOG] [Fast Refresh] done in 5561ms @ http://localhost:3000/_next/static/chunks/node_modules_next_dist_1e8vcs8._.js:776
[  358209ms] [LOG] [Fast Refresh] done in 5561ms @ http://localhost:3000/_next/static/chunks/node_modules_next_dist_1e8vcs8._.js:776
[  358273ms] [LOG] [Fast Refresh] done in 5561ms @ http://localhost:3000/_next/static/chunks/node_modules_next_dist_1e8vcs8._.js:776
[  358336ms] [LOG] [Fast Refresh] done in 5561ms @ http://localhost:3000/_next/static/chunks/node_modules_next_dist_1e8vcs8._.js:776
[  358403ms] [LOG] [Fast Refresh] done in 5561ms @ http://localhost:3000/_next/static/chunks/node_modules_next_dist_1e8vcs8._.js:776
[  358465ms] [LOG] [Fast Refresh] done in 5561ms @ http://localhost:3000/_next/static/chunks/node_modules_next_dist_1e8vcs8._.js:776
[  358530ms] [LOG] [Fast Refresh] done in 5561ms @ http://localhost:3000/_next/static/chunks/node_modules_next_dist_1e8vcs8._.js:776
[  358595ms] [LOG] [Fast Refresh] done in 5561ms @ http://localhost:3000/_next/static/chunks/node_modules_next_dist_1e8vcs8._.js:776
[  358657ms] [LOG] [Fast Refresh] done in 5561ms @ http://localhost:3000/_next/static/chunks/node_modules_next_dist_1e8vcs8._.js:776
[  358720ms] [LOG] [Fast Refresh] done in 5561ms @ http://localhost:3000/_next/static/chunks/node_modules_next_dist_1e8vcs8._.js:776
[  358784ms] [LOG] [Fast Refresh] done in 5561ms @ http://localhost:3000/_next/static/chunks/node_modules_next_dist_1e8vcs8._.js:776
[  358845ms] [LOG] [Fast Refresh] done in 5561ms @ http://localhost:3000/_next/static/chunks/node_modules_next_dist_1e8vcs8._.js:776
[  358910ms] [LOG] [Fast Refresh] done in 5561ms @ http://localhost:3000/_next/static/chunks/node_modules_next_dist_1e8vcs8._.js:776
[  358972ms] [LOG] [Fast Refresh] done in 5561ms @ http://localhost:3000/_next/static/chunks/node_modules_next_dist_1e8vcs8._.js:776
[  359038ms] [LOG] [Fast Refresh] done in 5561ms @ http://localhost:3000/_next/static/chunks/node_modules_next_dist_1e8vcs8._.js:776
[  359100ms] [LOG] [Fast Refresh] done in 5561ms @ http://localhost:3000/_next/static/chunks/node_modules_next_dist_1e8vcs8._.js:776
[  359165ms] [LOG] [Fast Refresh] done in 5561ms @ http://localhost:3000/_next/static/chunks/node_modules_next_dist_1e8vcs8._.js:776
[  359228ms] [LOG] [Fast Refresh] done in 5561ms @ http://localhost:3000/_next/static/chunks/node_modules_next_dist_1e8vcs8._.js:776
[  359294ms] [LOG] [Fast Refresh] done in 5561ms @ http://localhost:3000/_next/static/chunks/node_modules_next_dist_1e8vcs8._.js:776
[  359357ms] [LOG] [Fast Refresh] done in 5561ms @ http://localhost:3000/_next/static/chunks/node_modules_next_dist_1e8vcs8._.js:776
[  359422ms] [LOG] [Fast Refresh] done in 5561ms @ http://localhost:3000/_next/static/chunks/node_modules_next_dist_1e8vcs8._.js:776
[  359484ms] [LOG] [Fast Refresh] done in 5561ms @ http://localhost:3000/_next/static/chunks/node_modules_next_dist_1e8vcs8._.js:776
[  359547ms] [LOG] [Fast Refresh] done in 5561ms @ http://localhost:3000/_next/static/chunks/node_modules_next_dist_1e8vcs8._.js:776
[  359611ms] [LOG] [Fast Refresh] done in 5561ms @ http://localhost:3000/_next/static/chunks/node_modules_next_dist_1e8vcs8._.js:776
[  359676ms] [LOG] [Fast Refresh] done in 5561ms @ http://localhost:3000/_next/static/chunks/node_modules_next_dist_1e8vcs8._.js:776
[  359739ms] [LOG] [Fast Refresh] done in 5561ms @ http://localhost:3000/_next/static/chunks/node_modules_next_dist_1e8vcs8._.js:776
[  359803ms] [LOG] [Fast Refresh] done in 5561ms @ http://localhost:3000/_next/static/chunks/node_modules_next_dist_1e8vcs8._.js:776
[  359868ms] [LOG] [Fast Refresh] done in 5561ms @ http://localhost:3000/_next/static/chunks/node_modules_next_dist_1e8vcs8._.js:776
[  359932ms] [LOG] [Fast Refresh] done in 5561ms @ http://localhost:3000/_next/static/chunks/node_modules_next_dist_1e8vcs8._.js:776
[  359994ms] [LOG] [Fast Refresh] done in 5561ms @ http://localhost:3000/_next/static/chunks/node_modules_next_dist_1e8vcs8._.js:776
[  360059ms] [LOG] [Fast Refresh] done in 5561ms @ http://localhost:3000/_next/static/chunks/node_modules_next_dist_1e8vcs8._.js:776
[  360123ms] [LOG] [Fast Refresh] done in 5561ms @ http://localhost:3000/_next/static/chunks/node_modules_next_dist_1e8vcs8._.js:776
[  360186ms] [LOG] [Fast Refresh] done in 5561ms @ http://localhost:3000/_next/static/chunks/node_modules_next_dist_1e8vcs8._.js:776
[  360250ms] [LOG] [Fast Refresh] done in 5561ms @ http://localhost:3000/_next/static/chunks/node_modules_next_dist_1e8vcs8._.js:776
[  360315ms] [LOG] [Fast Refresh] done in 5561ms @ http://localhost:3000/_next/static/chunks/node_modules_next_dist_1e8vcs8._.js:776
[  360378ms] [LOG] [Fast Refresh] done in 5561ms @ http://localhost:3000/_next/static/chunks/node_modules_next_dist_1e8vcs8._.js:776
[  360442ms] [LOG] [Fast Refresh] done in 5561ms @ http://localhost:3000/_next/static/chunks/node_modules_next_dist_1e8vcs8._.js:776
[  360505ms] [LOG] [Fast Refresh] done in 5561ms @ http://localhost:3000/_next/static/chunks/node_modules_next_dist_1e8vcs8._.js:776
[  360568ms] [LOG] [Fast Refresh] done in 5561ms @ http://localhost:3000/_next/static/chunks/node_modules_next_dist_1e8vcs8._.js:776
[  360631ms] [LOG] [Fast Refresh] done in 5561ms @ http://localhost:3000/_next/static/chunks/node_modules_next_dist_1e8vcs8._.js:776
[  360696ms] [LOG] [Fast Refresh] done in 5561ms @ http://localhost:3000/_next/static/chunks/node_modules_next_dist_1e8vcs8._.js:776
[  360759ms] [LOG] [Fast Refresh] done in 5561ms @ http://localhost:3000/_next/static/chunks/node_modules_next_dist_1e8vcs8._.js:776
[  360822ms] [LOG] [Fast Refresh] done in 5561ms @ http://localhost:3000/_next/static/chunks/node_modules_next_dist_1e8vcs8._.js:776
[  360894ms] [LOG] [Fast Refresh] done in 5561ms @ http://localhost:3000/_next/static/chunks/node_modules_next_dist_1e8vcs8._.js:776
[  360964ms] [LOG] [Fast Refresh] done in 5561ms @ http://localhost:3000/_next/static/chunks/node_modules_next_dist_1e8vcs8._.js:776
[  361026ms] [LOG] [Fast Refresh] done in 5561ms @ http://localhost:3000/_next/static/chunks/node_modules_next_dist_1e8vcs8._.js:776
[  361089ms] [LOG] [Fast Refresh] done in 5561ms @ http://localhost:3000/_next/static/chunks/node_modules_next_dist_1e8vcs8._.js:776
[  361151ms] [LOG] [Fast Refresh] done in 5561ms @ http://localhost:3000/_next/static/chunks/node_modules_next_dist_1e8vcs8._.js:776
[  361216ms] [LOG] [Fast Refresh] done in 5561ms @ http://localhost:3000/_next/static/chunks/node_modules_next_dist_1e8vcs8._.js:776
[  361278ms] [LOG] [Fast Refresh] done in 5561ms @ http://localhost:3000/_next/static/chunks/node_modules_next_dist_1e8vcs8._.js:776
[  361358ms] [LOG] [Fast Refresh] done in 5561ms @ http://localhost:3000/_next/static/chunks/node_modules_next_dist_1e8vcs8._.js:776
[  361421ms] [LOG] [Fast Refresh] done in 5561ms @ http://localhost:3000/_next/static/chunks/node_modules_next_dist_1e8vcs8._.js:776
[  361486ms] [LOG] [Fast Refresh] done in 5561ms @ http://localhost:3000/_next/static/chunks/node_modules_next_dist_1e8vcs8._.js:776
[  361548ms] [LOG] [Fast Refresh] done in 5561ms @ http://localhost:3000/_next/static/chunks/node_modules_next_dist_1e8vcs8._.js:776
[  361610ms] [LOG] [Fast Refresh] done in 5561ms @ http://localhost:3000/_next/static/chunks/node_modules_next_dist_1e8vcs8._.js:776
[  361677ms] [LOG] [Fast Refresh] done in 5561ms @ http://localhost:3000/_next/static/chunks/node_modules_next_dist_1e8vcs8._.js:776
[  361737ms] [LOG] [Fast Refresh] done in 5561ms @ http://localhost:3000/_next/static/chunks/node_modules_next_dist_1e8vcs8._.js:776
[  361802ms] [LOG] [Fast Refresh] done in 5561ms @ http://localhost:3000/_next/static/chunks/node_modules_next_dist_1e8vcs8._.js:776
[  361867ms] [LOG] [Fast Refresh] done in 5561ms @ http://localhost:3000/_next/static/chunks/node_modules_next_dist_1e8vcs8._.js:776
[  362368ms] [LOG] [Fast Refresh] rebuilding @ http://localhost:3000/_next/static/chunks/node_modules_next_dist_1e8vcs8._.js:776
[  363786ms] [LOG] [Fast Refresh] done in 1326ms @ http://localhost:3000/_next/static/chunks/node_modules_next_dist_1e8vcs8._.js:776
[  363850ms] [LOG] [Fast Refresh] done in 1326ms @ http://localhost:3000/_next/static/chunks/node_modules_next_dist_1e8vcs8._.js:776
[  363914ms] [LOG] [Fast Refresh] done in 1326ms @ http://localhost:3000/_next/static/chunks/node_modules_next_dist_1e8vcs8._.js:776
[  363977ms] [LOG] [Fast Refresh] done in 1326ms @ http://localhost:3000/_next/static/chunks/node_modules_next_dist_1e8vcs8._.js:776
[  364042ms] [LOG] [Fast Refresh] done in 1326ms @ http://localhost:3000/_next/static/chunks/node_modules_next_dist_1e8vcs8._.js:776
[  364105ms] [LOG] [Fast Refresh] done in 1326ms @ http://localhost:3000/_next/static/chunks/node_modules_next_dist_1e8vcs8._.js:776
[  364169ms] [LOG] [Fast Refresh] done in 1326ms @ http://localhost:3000/_next/static/chunks/node_modules_next_dist_1e8vcs8._.js:776
[  364232ms] [LOG] [Fast Refresh] done in 1326ms @ http://localhost:3000/_next/static/chunks/node_modules_next_dist_1e8vcs8._.js:776
[  364295ms] [LOG] [Fast Refresh] done in 1326ms @ http://localhost:3000/_next/static/chunks/node_modules_next_dist_1e8vcs8._.js:776
[  364359ms] [LOG] [Fast Refresh] done in 1326ms @ http://localhost:3000/_next/static/chunks/node_modules_next_dist_1e8vcs8._.js:776
[  364422ms] [LOG] [Fast Refresh] done in 1326ms @ http://localhost:3000/_next/static/chunks/node_modules_next_dist_1e8vcs8._.js:776
[  364486ms] [LOG] [Fast Refresh] done in 1326ms @ http://localhost:3000/_next/static/chunks/node_modules_next_dist_1e8vcs8._.js:776
[  364554ms] [LOG] [Fast Refresh] done in 1326ms @ http://localhost:3000/_next/static/chunks/node_modules_next_dist_1e8vcs8._.js:776
[  364613ms] [LOG] [Fast Refresh] done in 1326ms @ http://localhost:3000/_next/static/chunks/node_modules_next_dist_1e8vcs8._.js:776
[  364677ms] [LOG] [Fast Refresh] done in 1326ms @ http://localhost:3000/_next/static/chunks/node_modules_next_dist_1e8vcs8._.js:776
[  364742ms] [LOG] [Fast Refresh] done in 1326ms @ http://localhost:3000/_next/static/chunks/node_modules_next_dist_1e8vcs8._.js:776
[  364793ms] [LOG] [Fast Refresh] done in 1326ms @ http://localhost:3000/_next/static/chunks/node_modules_next_dist_1e8vcs8._.js:776
[  364862ms] [LOG] [Fast Refresh] done in 1326ms @ http://localhost:3000/_next/static/chunks/node_modules_next_dist_1e8vcs8._.js:776
[  364925ms] [LOG] [Fast Refresh] done in 1326ms @ http://localhost:3000/_next/static/chunks/node_modules_next_dist_1e8vcs8._.js:776
[  364988ms] [LOG] [Fast Refresh] done in 1326ms @ http://localhost:3000/_next/static/chunks/node_modules_next_dist_1e8vcs8._.js:776
[  365051ms] [LOG] [Fast Refresh] done in 1326ms @ http://localhost:3000/_next/static/chunks/node_modules_next_dist_1e8vcs8._.js:776
[  365115ms] [LOG] [Fast Refresh] done in 1326ms @ http://localhost:3000/_next/static/chunks/node_modules_next_dist_1e8vcs8._.js:776
[  365178ms] [LOG] [Fast Refresh] done in 1326ms @ http://localhost:3000/_next/static/chunks/node_modules_next_dist_1e8vcs8._.js:776
[  365241ms] [LOG] [Fast Refresh] done in 1326ms @ http://localhost:3000/_next/static/chunks/node_modules_next_dist_1e8vcs8._.js:776
[  365305ms] [LOG] [Fast Refresh] done in 1326ms @ http://localhost:3000/_next/static/chunks/node_modules_next_dist_1e8vcs8._.js:776
[  365368ms] [LOG] [Fast Refresh] done in 1326ms @ http://localhost:3000/_next/static/chunks/node_modules_next_dist_1e8vcs8._.js:776
[  365431ms] [LOG] [Fast Refresh] done in 1326ms @ http://localhost:3000/_next/static/chunks/node_modules_next_dist_1e8vcs8._.js:776
[  365495ms] [LOG] [Fast Refresh] done in 1326ms @ http://localhost:3000/_next/static/chunks/node_modules_next_dist_1e8vcs8._.js:776
[  365558ms] [LOG] [Fast Refresh] done in 1326ms @ http://localhost:3000/_next/static/chunks/node_modules_next_dist_1e8vcs8._.js:776
[  365613ms] [LOG] [Fast Refresh] done in 1326ms @ http://localhost:3000/_next/static/chunks/node_modules_next_dist_1e8vcs8._.js:776
[  365677ms] [LOG] [Fast Refresh] done in 1326ms @ http://localhost:3000/_next/static/chunks/node_modules_next_dist_1e8vcs8._.js:776
[  365740ms] [LOG] [Fast Refresh] done in 1326ms @ http://localhost:3000/_next/static/chunks/node_modules_next_dist_1e8vcs8._.js:776
[  365802ms] [LOG] [Fast Refresh] done in 1326ms @ http://localhost:3000/_next/static/chunks/node_modules_next_dist_1e8vcs8._.js:776
[  365873ms] [LOG] [Fast Refresh] done in 1326ms @ http://localhost:3000/_next/static/chunks/node_modules_next_dist_1e8vcs8._.js:776
[  365936ms] [LOG] [Fast Refresh] done in 1326ms @ http://localhost:3000/_next/static/chunks/node_modules_next_dist_1e8vcs8._.js:776
[  365999ms] [LOG] [Fast Refresh] done in 1326ms @ http://localhost:3000/_next/static/chunks/node_modules_next_dist_1e8vcs8._.js:776
[  366063ms] [LOG] [Fast Refresh] done in 1326ms @ http://localhost:3000/_next/static/chunks/node_modules_next_dist_1e8vcs8._.js:776
[  366128ms] [LOG] [Fast Refresh] done in 1326ms @ http://localhost:3000/_next/static/chunks/node_modules_next_dist_1e8vcs8._.js:776
[  366193ms] [LOG] [Fast Refresh] done in 1326ms @ http://localhost:3000/_next/static/chunks/node_modules_next_dist_1e8vcs8._.js:776
[  366256ms] [LOG] [Fast Refresh] done in 1326ms @ http://localhost:3000/_next/static/chunks/node_modules_next_dist_1e8vcs8._.js:776
[  366319ms] [LOG] [Fast Refresh] done in 1326ms @ http://localhost:3000/_next/static/chunks/node_modules_next_dist_1e8vcs8._.js:776
[  366382ms] [LOG] [Fast Refresh] done in 1326ms @ http://localhost:3000/_next/static/chunks/node_modules_next_dist_1e8vcs8._.js:776
[  366445ms] [LOG] [Fast Refresh] done in 1326ms @ http://localhost:3000/_next/static/chunks/node_modules_next_dist_1e8vcs8._.js:776
[  366508ms] [LOG] [Fast Refresh] done in 1326ms @ http://localhost:3000/_next/static/chunks/node_modules_next_dist_1e8vcs8._.js:776
[  366573ms] [LOG] [Fast Refresh] done in 1326ms @ http://localhost:3000/_next/static/chunks/node_modules_next_dist_1e8vcs8._.js:776
[  366625ms] [LOG] [Fast Refresh] done in 1326ms @ http://localhost:3000/_next/static/chunks/node_modules_next_dist_1e8vcs8._.js:776
[  366681ms] [LOG] [Fast Refresh] done in 1326ms @ http://localhost:3000/_next/static/chunks/node_modules_next_dist_1e8vcs8._.js:776
[  366744ms] [LOG] [Fast Refresh] done in 1326ms @ http://localhost:3000/_next/static/chunks/node_modules_next_dist_1e8vcs8._.js:776
[  366807ms] [LOG] [Fast Refresh] done in 1326ms @ http://localhost:3000/_next/static/chunks/node_modules_next_dist_1e8vcs8._.js:776
[  366869ms] [LOG] [Fast Refresh] done in 1326ms @ http://localhost:3000/_next/static/chunks/node_modules_next_dist_1e8vcs8._.js:776
[  366934ms] [LOG] [Fast Refresh] done in 1326ms @ http://localhost:3000/_next/static/chunks/node_modules_next_dist_1e8vcs8._.js:776
[  366997ms] [LOG] [Fast Refresh] done in 1326ms @ http://localhost:3000/_next/static/chunks/node_modules_next_dist_1e8vcs8._.js:776
[  367061ms] [LOG] [Fast Refresh] done in 1326ms @ http://localhost:3000/_next/static/chunks/node_modules_next_dist_1e8vcs8._.js:776
[  367125ms] [LOG] [Fast Refresh] done in 1326ms @ http://localhost:3000/_next/static/chunks/node_modules_next_dist_1e8vcs8._.js:776
[  367188ms] [LOG] [Fast Refresh] done in 1326ms @ http://localhost:3000/_next/static/chunks/node_modules_next_dist_1e8vcs8._.js:776
[  367248ms] [LOG] [Fast Refresh] done in 1326ms @ http://localhost:3000/_next/static/chunks/node_modules_next_dist_1e8vcs8._.js:776
[  367312ms] [LOG] [Fast Refresh] done in 1326ms @ http://localhost:3000/_next/static/chunks/node_modules_next_dist_1e8vcs8._.js:776
[  367375ms] [LOG] [Fast Refresh] done in 1326ms @ http://localhost:3000/_next/static/chunks/node_modules_next_dist_1e8vcs8._.js:776
[  367437ms] [LOG] [Fast Refresh] done in 1326ms @ http://localhost:3000/_next/static/chunks/node_modules_next_dist_1e8vcs8._.js:776
[  367502ms] [LOG] [Fast Refresh] done in 1326ms @ http://localhost:3000/_next/static/chunks/node_modules_next_dist_1e8vcs8._.js:776
[  367565ms] [LOG] [Fast Refresh] done in 1326ms @ http://localhost:3000/_next/static/chunks/node_modules_next_dist_1e8vcs8._.js:776
[  367622ms] [LOG] [Fast Refresh] done in 1326ms @ http://localhost:3000/_next/static/chunks/node_modules_next_dist_1e8vcs8._.js:776
[  367679ms] [LOG] [Fast Refresh] done in 1326ms @ http://localhost:3000/_next/static/chunks/node_modules_next_dist_1e8vcs8._.js:776
[  367741ms] [LOG] [Fast Refresh] done in 1326ms @ http://localhost:3000/_next/static/chunks/node_modules_next_dist_1e8vcs8._.js:776
[  367804ms] [LOG] [Fast Refresh] done in 1326ms @ http://localhost:3000/_next/static/chunks/node_modules_next_dist_1e8vcs8._.js:776
[  367867ms] [LOG] [Fast Refresh] done in 1326ms @ http://localhost:3000/_next/static/chunks/node_modules_next_dist_1e8vcs8._.js:776
[  367928ms] [LOG] [Fast Refresh] done in 1326ms @ http://localhost:3000/_next/static/chunks/node_modules_next_dist_1e8vcs8._.js:776
[  367991ms] [LOG] [Fast Refresh] done in 1326ms @ http://localhost:3000/_next/static/chunks/node_modules_next_dist_1e8vcs8._.js:776
[  368054ms] [LOG] [Fast Refresh] done in 1326ms @ http://localhost:3000/_next/static/chunks/node_modules_next_dist_1e8vcs8._.js:776
[  368118ms] [LOG] [Fast Refresh] done in 1326ms @ http://localhost:3000/_next/static/chunks/node_modules_next_dist_1e8vcs8._.js:776
[  368181ms] [LOG] [Fast Refresh] done in 1326ms @ http://localhost:3000/_next/static/chunks/node_modules_next_dist_1e8vcs8._.js:776
[  368244ms] [LOG] [Fast Refresh] done in 1326ms @ http://localhost:3000/_next/static/chunks/node_modules_next_dist_1e8vcs8._.js:776
[  368306ms] [LOG] [Fast Refresh] done in 1326ms @ http://localhost:3000/_next/static/chunks/node_modules_next_dist_1e8vcs8._.js:776
[  368369ms] [LOG] [Fast Refresh] done in 1326ms @ http://localhost:3000/_next/static/chunks/node_modules_next_dist_1e8vcs8._.js:776
[  368431ms] [LOG] [Fast Refresh] done in 1326ms @ http://localhost:3000/_next/static/chunks/node_modules_next_dist_1e8vcs8._.js:776
[  368495ms] [LOG] [Fast Refresh] done in 1326ms @ http://localhost:3000/_next/static/chunks/node_modules_next_dist_1e8vcs8._.js:776
[  368559ms] [LOG] [Fast Refresh] done in 1326ms @ http://localhost:3000/_next/static/chunks/node_modules_next_dist_1e8vcs8._.js:776
[  368622ms] [LOG] [Fast Refresh] done in 1326ms @ http://localhost:3000/_next/static/chunks/node_modules_next_dist_1e8vcs8._.js:776
[  368680ms] [LOG] [Fast Refresh] done in 1326ms @ http://localhost:3000/_next/static/chunks/node_modules_next_dist_1e8vcs8._.js:776
[  368744ms] [LOG] [Fast Refresh] done in 1326ms @ http://localhost:3000/_next/static/chunks/node_modules_next_dist_1e8vcs8._.js:776
[  368807ms] [LOG] [Fast Refresh] done in 1326ms @ http://localhost:3000/_next/static/chunks/node_modules_next_dist_1e8vcs8._.js:776
[  368870ms] [LOG] [Fast Refresh] done in 1326ms @ http://localhost:3000/_next/static/chunks/node_modules_next_dist_1e8vcs8._.js:776
[  368932ms] [LOG] [Fast Refresh] done in 1326ms @ http://localhost:3000/_next/static/chunks/node_modules_next_dist_1e8vcs8._.js:776
[  368996ms] [LOG] [Fast Refresh] done in 1326ms @ http://localhost:3000/_next/static/chunks/node_modules_next_dist_1e8vcs8._.js:776
[  369059ms] [LOG] [Fast Refresh] done in 1326ms @ http://localhost:3000/_next/static/chunks/node_modules_next_dist_1e8vcs8._.js:776
[  369122ms] [LOG] [Fast Refresh] done in 1326ms @ http://localhost:3000/_next/static/chunks/node_modules_next_dist_1e8vcs8._.js:776
[  369185ms] [LOG] [Fast Refresh] done in 1326ms @ http://localhost:3000/_next/static/chunks/node_modules_next_dist_1e8vcs8._.js:776
[  369248ms] [LOG] [Fast Refresh] done in 1326ms @ http://localhost:3000/_next/static/chunks/node_modules_next_dist_1e8vcs8._.js:776
[  369311ms] [LOG] [Fast Refresh] done in 1326ms @ http://localhost:3000/_next/static/chunks/node_modules_next_dist_1e8vcs8._.js:776
[  369374ms] [LOG] [Fast Refresh] done in 1326ms @ http://localhost:3000/_next/static/chunks/node_modules_next_dist_1e8vcs8._.js:776
[  369438ms] [LOG] [Fast Refresh] done in 1326ms @ http://localhost:3000/_next/static/chunks/node_modules_next_dist_1e8vcs8._.js:776
[  369502ms] [LOG] [Fast Refresh] done in 1326ms @ http://localhost:3000/_next/static/chunks/node_modules_next_dist_1e8vcs8._.js:776
[  369566ms] [LOG] [Fast Refresh] done in 1326ms @ http://localhost:3000/_next/static/chunks/node_modules_next_dist_1e8vcs8._.js:776
[  369630ms] [LOG] [Fast Refresh] done in 1326ms @ http://localhost:3000/_next/static/chunks/node_modules_next_dist_1e8vcs8._.js:776
[  369694ms] [LOG] [Fast Refresh] done in 1326ms @ http://localhost:3000/_next/static/chunks/node_modules_next_dist_1e8vcs8._.js:776
[  369756ms] [LOG] [Fast Refresh] done in 1326ms @ http://localhost:3000/_next/static/chunks/node_modules_next_dist_1e8vcs8._.js:776
[  369821ms] [LOG] [Fast Refresh] done in 1326ms @ http://localhost:3000/_next/static/chunks/node_modules_next_dist_1e8vcs8._.js:776
[  369884ms] [LOG] [Fast Refresh] done in 1326ms @ http://localhost:3000/_next/static/chunks/node_modules_next_dist_1e8vcs8._.js:776
[  369947ms] [LOG] [Fast Refresh] done in 1326ms @ http://localhost:3000/_next/static/chunks/node_modules_next_dist_1e8vcs8._.js:776
[  370009ms] [LOG] [Fast Refresh] done in 1326ms @ http://localhost:3000/_next/static/chunks/node_modules_next_dist_1e8vcs8._.js:776
[  370072ms] [LOG] [Fast Refresh] done in 1326ms @ http://localhost:3000/_next/static/chunks/node_modules_next_dist_1e8vcs8._.js:776
[  370135ms] [LOG] [Fast Refresh] done in 1326ms @ http://localhost:3000/_next/static/chunks/node_modules_next_dist_1e8vcs8._.js:776
[  370199ms] [LOG] [Fast Refresh] done in 1326ms @ http://localhost:3000/_next/static/chunks/node_modules_next_dist_1e8vcs8._.js:776
[  370262ms] [LOG] [Fast Refresh] done in 1326ms @ http://localhost:3000/_next/static/chunks/node_modules_next_dist_1e8vcs8._.js:776
[  370324ms] [LOG] [Fast Refresh] done in 1326ms @ http://localhost:3000/_next/static/chunks/node_modules_next_dist_1e8vcs8._.js:776
[  370388ms] [LOG] [Fast Refresh] done in 1326ms @ http://localhost:3000/_next/static/chunks/node_modules_next_dist_1e8vcs8._.js:776
[  370451ms] [LOG] [Fast Refresh] done in 1326ms @ http://localhost:3000/_next/static/chunks/node_modules_next_dist_1e8vcs8._.js:776
[  370514ms] [LOG] [Fast Refresh] done in 1326ms @ http://localhost:3000/_next/static/chunks/node_modules_next_dist_1e8vcs8._.js:776
[  370577ms] [LOG] [Fast Refresh] done in 1326ms @ http://localhost:3000/_next/static/chunks/node_modules_next_dist_1e8vcs8._.js:776
[  370641ms] [LOG] [Fast Refresh] done in 1326ms @ http://localhost:3000/_next/static/chunks/node_modules_next_dist_1e8vcs8._.js:776
[  370705ms] [LOG] [Fast Refresh] done in 1326ms @ http://localhost:3000/_next/static/chunks/node_modules_next_dist_1e8vcs8._.js:776
[  370768ms] [LOG] [Fast Refresh] done in 1326ms @ http://localhost:3000/_next/static/chunks/node_modules_next_dist_1e8vcs8._.js:776
[  370847ms] [LOG] [Fast Refresh] done in 1326ms @ http://localhost:3000/_next/static/chunks/node_modules_next_dist_1e8vcs8._.js:776
[  370911ms] [LOG] [Fast Refresh] done in 1326ms @ http://localhost:3000/_next/static/chunks/node_modules_next_dist_1e8vcs8._.js:776
[  370974ms] [LOG] [Fast Refresh] done in 1326ms @ http://localhost:3000/_next/static/chunks/node_modules_next_dist_1e8vcs8._.js:776
[  371038ms] [LOG] [Fast Refresh] done in 1326ms @ http://localhost:3000/_next/static/chunks/node_modules_next_dist_1e8vcs8._.js:776
[  371100ms] [LOG] [Fast Refresh] done in 1326ms @ http://localhost:3000/_next/static/chunks/node_modules_next_dist_1e8vcs8._.js:776
[  371165ms] [LOG] [Fast Refresh] done in 1326ms @ http://localhost:3000/_next/static/chunks/node_modules_next_dist_1e8vcs8._.js:776
[  371229ms] [LOG] [Fast Refresh] done in 1326ms @ http://localhost:3000/_next/static/chunks/node_modules_next_dist_1e8vcs8._.js:776
[  371292ms] [LOG] [Fast Refresh] done in 1326ms @ http://localhost:3000/_next/static/chunks/node_modules_next_dist_1e8vcs8._.js:776
[  371355ms] [LOG] [Fast Refresh] done in 1326ms @ http://localhost:3000/_next/static/chunks/node_modules_next_dist_1e8vcs8._.js:776
[  371419ms] [LOG] [Fast Refresh] done in 1326ms @ http://localhost:3000/_next/static/chunks/node_modules_next_dist_1e8vcs8._.js:776
[  371483ms] [LOG] [Fast Refresh] done in 1326ms @ http://localhost:3000/_next/static/chunks/node_modules_next_dist_1e8vcs8._.js:776
[  371547ms] [LOG] [Fast Refresh] done in 1326ms @ http://localhost:3000/_next/static/chunks/node_modules_next_dist_1e8vcs8._.js:776
[  371610ms] [LOG] [Fast Refresh] done in 1326ms @ http://localhost:3000/_next/static/chunks/node_modules_next_dist_1e8vcs8._.js:776
[  371674ms] [LOG] [Fast Refresh] done in 1326ms @ http://localhost:3000/_next/static/chunks/node_modules_next_dist_1e8vcs8._.js:776
[  371742ms] [LOG] [Fast Refresh] done in 1326ms @ http://localhost:3000/_next/static/chunks/node_modules_next_dist_1e8vcs8._.js:776
[  371805ms] [LOG] [Fast Refresh] done in 1326ms @ http://localhost:3000/_next/static/chunks/node_modules_next_dist_1e8vcs8._.js:776
[  371869ms] [LOG] [Fast Refresh] done in 1326ms @ http://localhost:3000/_next/static/chunks/node_modules_next_dist_1e8vcs8._.js:776
[  371932ms] [LOG] [Fast Refresh] done in 1326ms @ http://localhost:3000/_next/static/chunks/node_modules_next_dist_1e8vcs8._.js:776
[  371994ms] [LOG] [Fast Refresh] done in 1326ms @ http://localhost:3000/_next/static/chunks/node_modules_next_dist_1e8vcs8._.js:776
[  372057ms] [LOG] [Fast Refresh] done in 1326ms @ http://localhost:3000/_next/static/chunks/node_modules_next_dist_1e8vcs8._.js:776
[  372121ms] [LOG] [Fast Refresh] done in 1326ms @ http://localhost:3000/_next/static/chunks/node_modules_next_dist_1e8vcs8._.js:776
[  372185ms] [LOG] [Fast Refresh] done in 1326ms @ http://localhost:3000/_next/static/chunks/node_modules_next_dist_1e8vcs8._.js:776
[  372247ms] [LOG] [Fast Refresh] done in 1326ms @ http://localhost:3000/_next/static/chunks/node_modules_next_dist_1e8vcs8._.js:776
[  372310ms] [LOG] [Fast Refresh] done in 1326ms @ http://localhost:3000/_next/static/chunks/node_modules_next_dist_1e8vcs8._.js:776
[  372373ms] [LOG] [Fast Refresh] done in 1326ms @ http://localhost:3000/_next/static/chunks/node_modules_next_dist_1e8vcs8._.js:776
[  372446ms] [LOG] [Fast Refresh] done in 1326ms @ http://localhost:3000/_next/static/chunks/node_modules_next_dist_1e8vcs8._.js:776
[  372509ms] [LOG] [Fast Refresh] done in 1326ms @ http://localhost:3000/_next/static/chunks/node_modules_next_dist_1e8vcs8._.js:776
[  372572ms] [LOG] [Fast Refresh] done in 1326ms @ http://localhost:3000/_next/static/chunks/node_modules_next_dist_1e8vcs8._.js:776
[  372636ms] [LOG] [Fast Refresh] done in 1326ms @ http://localhost:3000/_next/static/chunks/node_modules_next_dist_1e8vcs8._.js:776
[  372700ms] [LOG] [Fast Refresh] done in 1326ms @ http://localhost:3000/_next/static/chunks/node_modules_next_dist_1e8vcs8._.js:776
[  372763ms] [LOG] [Fast Refresh] done in 1326ms @ http://localhost:3000/_next/static/chunks/node_modules_next_dist_1e8vcs8._.js:776
[  372826ms] [LOG] [Fast Refresh] done in 1326ms @ http://localhost:3000/_next/static/chunks/node_modules_next_dist_1e8vcs8._.js:776
[  372891ms] [LOG] [Fast Refresh] done in 1326ms @ http://localhost:3000/_next/static/chunks/node_modules_next_dist_1e8vcs8._.js:776
[  372951ms] [LOG] [Fast Refresh] done in 1326ms @ http://localhost:3000/_next/static/chunks/node_modules_next_dist_1e8vcs8._.js:776
[  373015ms] [LOG] [Fast Refresh] done in 1326ms @ http://localhost:3000/_next/static/chunks/node_modules_next_dist_1e8vcs8._.js:776
[  373077ms] [LOG] [Fast Refresh] done in 1326ms @ http://localhost:3000/_next/static/chunks/node_modules_next_dist_1e8vcs8._.js:776
[  373141ms] [LOG] [Fast Refresh] done in 1326ms @ http://localhost:3000/_next/static/chunks/node_modules_next_dist_1e8vcs8._.js:776
[  373205ms] [LOG] [Fast Refresh] done in 1326ms @ http://localhost:3000/_next/static/chunks/node_modules_next_dist_1e8vcs8._.js:776
[  373266ms] [LOG] [Fast Refresh] done in 1326ms @ http://localhost:3000/_next/static/chunks/node_modules_next_dist_1e8vcs8._.js:776
[  373330ms] [LOG] [Fast Refresh] done in 1326ms @ http://localhost:3000/_next/static/chunks/node_modules_next_dist_1e8vcs8._.js:776
[  373394ms] [LOG] [Fast Refresh] done in 1326ms @ http://localhost:3000/_next/static/chunks/node_modules_next_dist_1e8vcs8._.js:776
[  373458ms] [LOG] [Fast Refresh] done in 1326ms @ http://localhost:3000/_next/static/chunks/node_modules_next_dist_1e8vcs8._.js:776
[  373521ms] [LOG] [Fast Refresh] done in 1326ms @ http://localhost:3000/_next/static/chunks/node_modules_next_dist_1e8vcs8._.js:776
[  373585ms] [LOG] [Fast Refresh] done in 1326ms @ http://localhost:3000/_next/static/chunks/node_modules_next_dist_1e8vcs8._.js:776
[  373648ms] [LOG] [Fast Refresh] done in 1326ms @ http://localhost:3000/_next/static/chunks/node_modules_next_dist_1e8vcs8._.js:776
[  373710ms] [LOG] [Fast Refresh] done in 1326ms @ http://localhost:3000/_next/static/chunks/node_modules_next_dist_1e8vcs8._.js:776
[  373773ms] [LOG] [Fast Refresh] done in 1326ms @ http://localhost:3000/_next/static/chunks/node_modules_next_dist_1e8vcs8._.js:776
[  373837ms] [LOG] [Fast Refresh] done in 1326ms @ http://localhost:3000/_next/static/chunks/node_modules_next_dist_1e8vcs8._.js:776
[  373901ms] [LOG] [Fast Refresh] done in 1326ms @ http://localhost:3000/_next/static/chunks/node_modules_next_dist_1e8vcs8._.js:776
[  373964ms] [LOG] [Fast Refresh] done in 1326ms @ http://localhost:3000/_next/static/chunks/node_modules_next_dist_1e8vcs8._.js:776
[  374028ms] [LOG] [Fast Refresh] done in 1326ms @ http://localhost:3000/_next/static/chunks/node_modules_next_dist_1e8vcs8._.js:776
[  374091ms] [LOG] [Fast Refresh] done in 1326ms @ http://localhost:3000/_next/static/chunks/node_modules_next_dist_1e8vcs8._.js:776
[  374154ms] [LOG] [Fast Refresh] done in 1326ms @ http://localhost:3000/_next/static/chunks/node_modules_next_dist_1e8vcs8._.js:776
[  374217ms] [LOG] [Fast Refresh] done in 1326ms @ http://localhost:3000/_next/static/chunks/node_modules_next_dist_1e8vcs8._.js:776
[  374281ms] [LOG] [Fast Refresh] done in 1326ms @ http://localhost:3000/_next/static/chunks/node_modules_next_dist_1e8vcs8._.js:776
[  374345ms] [LOG] [Fast Refresh] done in 1326ms @ http://localhost:3000/_next/static/chunks/node_modules_next_dist_1e8vcs8._.js:776
[  374408ms] [LOG] [Fast Refresh] done in 1326ms @ http://localhost:3000/_next/static/chunks/node_modules_next_dist_1e8vcs8._.js:776
[  374471ms] [LOG] [Fast Refresh] done in 1326ms @ http://localhost:3000/_next/static/chunks/node_modules_next_dist_1e8vcs8._.js:776
[  374533ms] [LOG] [Fast Refresh] done in 1326ms @ http://localhost:3000/_next/static/chunks/node_modules_next_dist_1e8vcs8._.js:776
[  374596ms] [LOG] [Fast Refresh] done in 1326ms @ http://localhost:3000/_next/static/chunks/node_modules_next_dist_1e8vcs8._.js:776
[  374659ms] [LOG] [Fast Refresh] done in 1326ms @ http://localhost:3000/_next/static/chunks/node_modules_next_dist_1e8vcs8._.js:776
[  374723ms] [LOG] [Fast Refresh] done in 1326ms @ http://localhost:3000/_next/static/chunks/node_modules_next_dist_1e8vcs8._.js:776
[  374786ms] [LOG] [Fast Refresh] done in 1326ms @ http://localhost:3000/_next/static/chunks/node_modules_next_dist_1e8vcs8._.js:776
[  374849ms] [LOG] [Fast Refresh] done in 1326ms @ http://localhost:3000/_next/static/chunks/node_modules_next_dist_1e8vcs8._.js:776
[  374913ms] [LOG] [Fast Refresh] done in 1326ms @ http://localhost:3000/_next/static/chunks/node_modules_next_dist_1e8vcs8._.js:776
[  374977ms] [LOG] [Fast Refresh] done in 1326ms @ http://localhost:3000/_next/static/chunks/node_modules_next_dist_1e8vcs8._.js:776
[  375040ms] [LOG] [Fast Refresh] done in 1326ms @ http://localhost:3000/_next/static/chunks/node_modules_next_dist_1e8vcs8._.js:776
[  375104ms] [LOG] [Fast Refresh] done in 1326ms @ http://localhost:3000/_next/static/chunks/node_modules_next_dist_1e8vcs8._.js:776
[  375167ms] [LOG] [Fast Refresh] done in 1326ms @ http://localhost:3000/_next/static/chunks/node_modules_next_dist_1e8vcs8._.js:776
[  375232ms] [LOG] [Fast Refresh] done in 1326ms @ http://localhost:3000/_next/static/chunks/node_modules_next_dist_1e8vcs8._.js:776
[  375295ms] [LOG] [Fast Refresh] done in 1326ms @ http://localhost:3000/_next/static/chunks/node_modules_next_dist_1e8vcs8._.js:776
[  375358ms] [LOG] [Fast Refresh] done in 1326ms @ http://localhost:3000/_next/static/chunks/node_modules_next_dist_1e8vcs8._.js:776
[  375422ms] [LOG] [Fast Refresh] done in 1326ms @ http://localhost:3000/_next/static/chunks/node_modules_next_dist_1e8vcs8._.js:776
[  375486ms] [LOG] [Fast Refresh] done in 1326ms @ http://localhost:3000/_next/static/chunks/node_modules_next_dist_1e8vcs8._.js:776
[  375550ms] [LOG] [Fast Refresh] done in 1326ms @ http://localhost:3000/_next/static/chunks/node_modules_next_dist_1e8vcs8._.js:776
[  375614ms] [LOG] [Fast Refresh] done in 1326ms @ http://localhost:3000/_next/static/chunks/node_modules_next_dist_1e8vcs8._.js:776
[  375677ms] [LOG] [Fast Refresh] done in 1326ms @ http://localhost:3000/_next/static/chunks/node_modules_next_dist_1e8vcs8._.js:776
[  375743ms] [LOG] [Fast Refresh] done in 1326ms @ http://localhost:3000/_next/static/chunks/node_modules_next_dist_1e8vcs8._.js:776
[  375805ms] [LOG] [Fast Refresh] done in 1326ms @ http://localhost:3000/_next/static/chunks/node_modules_next_dist_1e8vcs8._.js:776
[  375869ms] [LOG] [Fast Refresh] done in 1326ms @ http://localhost:3000/_next/static/chunks/node_modules_next_dist_1e8vcs8._.js:776
[  375933ms] [LOG] [Fast Refresh] done in 1326ms @ http://localhost:3000/_next/static/chunks/node_modules_next_dist_1e8vcs8._.js:776
[  375997ms] [LOG] [Fast Refresh] done in 1326ms @ http://localhost:3000/_next/static/chunks/node_modules_next_dist_1e8vcs8._.js:776
[  376060ms] [LOG] [Fast Refresh] done in 1326ms @ http://localhost:3000/_next/static/chunks/node_modules_next_dist_1e8vcs8._.js:776
[  376124ms] [LOG] [Fast Refresh] done in 1326ms @ http://localhost:3000/_next/static/chunks/node_modules_next_dist_1e8vcs8._.js:776
[  376191ms] [LOG] [Fast Refresh] done in 1326ms @ http://localhost:3000/_next/static/chunks/node_modules_next_dist_1e8vcs8._.js:776
[  376253ms] [LOG] [Fast Refresh] done in 1326ms @ http://localhost:3000/_next/static/chunks/node_modules_next_dist_1e8vcs8._.js:776
[  376314ms] [LOG] [Fast Refresh] done in 1326ms @ http://localhost:3000/_next/static/chunks/node_modules_next_dist_1e8vcs8._.js:776
[  376378ms] [LOG] [Fast Refresh] done in 1326ms @ http://localhost:3000/_next/static/chunks/node_modules_next_dist_1e8vcs8._.js:776
[  376441ms] [LOG] [Fast Refresh] done in 1326ms @ http://localhost:3000/_next/static/chunks/node_modules_next_dist_1e8vcs8._.js:776
[  376505ms] [LOG] [Fast Refresh] done in 1326ms @ http://localhost:3000/_next/static/chunks/node_modules_next_dist_1e8vcs8._.js:776
[  376570ms] [LOG] [Fast Refresh] done in 1326ms @ http://localhost:3000/_next/static/chunks/node_modules_next_dist_1e8vcs8._.js:776
[  376631ms] [LOG] [Fast Refresh] done in 1326ms @ http://localhost:3000/_next/static/chunks/node_modules_next_dist_1e8vcs8._.js:776
[  376695ms] [LOG] [Fast Refresh] done in 1326ms @ http://localhost:3000/_next/static/chunks/node_modules_next_dist_1e8vcs8._.js:776
[  376757ms] [LOG] [Fast Refresh] done in 1326ms @ http://localhost:3000/_next/static/chunks/node_modules_next_dist_1e8vcs8._.js:776
[  376820ms] [LOG] [Fast Refresh] done in 1326ms @ http://localhost:3000/_next/static/chunks/node_modules_next_dist_1e8vcs8._.js:776
[  376883ms] [LOG] [Fast Refresh] done in 1326ms @ http://localhost:3000/_next/static/chunks/node_modules_next_dist_1e8vcs8._.js:776
[  376947ms] [LOG] [Fast Refresh] done in 1326ms @ http://localhost:3000/_next/static/chunks/node_modules_next_dist_1e8vcs8._.js:776
[  377012ms] [LOG] [Fast Refresh] done in 1326ms @ http://localhost:3000/_next/static/chunks/node_modules_next_dist_1e8vcs8._.js:776
[  377076ms] [LOG] [Fast Refresh] done in 1326ms @ http://localhost:3000/_next/static/chunks/node_modules_next_dist_1e8vcs8._.js:776
[  377139ms] [LOG] [Fast Refresh] done in 1326ms @ http://localhost:3000/_next/static/chunks/node_modules_next_dist_1e8vcs8._.js:776
[  377202ms] [LOG] [Fast Refresh] done in 1326ms @ http://localhost:3000/_next/static/chunks/node_modules_next_dist_1e8vcs8._.js:776
[  377265ms] [LOG] [Fast Refresh] done in 1326ms @ http://localhost:3000/_next/static/chunks/node_modules_next_dist_1e8vcs8._.js:776
[  377329ms] [LOG] [Fast Refresh] done in 1326ms @ http://localhost:3000/_next/static/chunks/node_modules_next_dist_1e8vcs8._.js:776
[  377392ms] [LOG] [Fast Refresh] done in 1326ms @ http://localhost:3000/_next/static/chunks/node_modules_next_dist_1e8vcs8._.js:776
[  377456ms] [LOG] [Fast Refresh] done in 1326ms @ http://localhost:3000/_next/static/chunks/node_modules_next_dist_1e8vcs8._.js:776
[  377520ms] [LOG] [Fast Refresh] done in 1326ms @ http://localhost:3000/_next/static/chunks/node_modules_next_dist_1e8vcs8._.js:776
[  377583ms] [LOG] [Fast Refresh] done in 1326ms @ http://localhost:3000/_next/static/chunks/node_modules_next_dist_1e8vcs8._.js:776
[  377646ms] [LOG] [Fast Refresh] done in 1326ms @ http://localhost:3000/_next/static/chunks/node_modules_next_dist_1e8vcs8._.js:776
[  377710ms] [LOG] [Fast Refresh] done in 1326ms @ http://localhost:3000/_next/static/chunks/node_modules_next_dist_1e8vcs8._.js:776
[  377772ms] [LOG] [Fast Refresh] done in 1326ms @ http://localhost:3000/_next/static/chunks/node_modules_next_dist_1e8vcs8._.js:776
[  377836ms] [LOG] [Fast Refresh] done in 1326ms @ http://localhost:3000/_next/static/chunks/node_modules_next_dist_1e8vcs8._.js:776
[  377899ms] [LOG] [Fast Refresh] done in 1326ms @ http://localhost:3000/_next/static/chunks/node_modules_next_dist_1e8vcs8._.js:776
[  377963ms] [LOG] [Fast Refresh] done in 1326ms @ http://localhost:3000/_next/static/chunks/node_modules_next_dist_1e8vcs8._.js:776
[  378026ms] [LOG] [Fast Refresh] done in 1326ms @ http://localhost:3000/_next/static/chunks/node_modules_next_dist_1e8vcs8._.js:776
[  378090ms] [LOG] [Fast Refresh] done in 1326ms @ http://localhost:3000/_next/static/chunks/node_modules_next_dist_1e8vcs8._.js:776
[  378153ms] [LOG] [Fast Refresh] done in 1326ms @ http://localhost:3000/_next/static/chunks/node_modules_next_dist_1e8vcs8._.js:776
[  378216ms] [LOG] [Fast Refresh] done in 1326ms @ http://localhost:3000/_next/static/chunks/node_modules_next_dist_1e8vcs8._.js:776
[  378279ms] [LOG] [Fast Refresh] done in 1326ms @ http://localhost:3000/_next/static/chunks/node_modules_next_dist_1e8vcs8._.js:776
[  378342ms] [LOG] [Fast Refresh] done in 1326ms @ http://localhost:3000/_next/static/chunks/node_modules_next_dist_1e8vcs8._.js:776
[  378406ms] [LOG] [Fast Refresh] done in 1326ms @ http://localhost:3000/_next/static/chunks/node_modules_next_dist_1e8vcs8._.js:776
[  378469ms] [LOG] [Fast Refresh] done in 1326ms @ http://localhost:3000/_next/static/chunks/node_modules_next_dist_1e8vcs8._.js:776
[  378533ms] [LOG] [Fast Refresh] done in 1326ms @ http://localhost:3000/_next/static/chunks/node_modules_next_dist_1e8vcs8._.js:776
[  378596ms] [LOG] [Fast Refresh] done in 1326ms @ http://localhost:3000/_next/static/chunks/node_modules_next_dist_1e8vcs8._.js:776
[  378658ms] [LOG] [Fast Refresh] done in 1326ms @ http://localhost:3000/_next/static/chunks/node_modules_next_dist_1e8vcs8._.js:776
[  378722ms] [LOG] [Fast Refresh] done in 1326ms @ http://localhost:3000/_next/static/chunks/node_modules_next_dist_1e8vcs8._.js:776
[  378785ms] [LOG] [Fast Refresh] done in 1326ms @ http://localhost:3000/_next/static/chunks/node_modules_next_dist_1e8vcs8._.js:776
[  378848ms] [LOG] [Fast Refresh] done in 1326ms @ http://localhost:3000/_next/static/chunks/node_modules_next_dist_1e8vcs8._.js:776
[  378911ms] [LOG] [Fast Refresh] done in 1326ms @ http://localhost:3000/_next/static/chunks/node_modules_next_dist_1e8vcs8._.js:776
[  378974ms] [LOG] [Fast Refresh] done in 1326ms @ http://localhost:3000/_next/static/chunks/node_modules_next_dist_1e8vcs8._.js:776
[  379036ms] [LOG] [Fast Refresh] done in 1326ms @ http://localhost:3000/_next/static/chunks/node_modules_next_dist_1e8vcs8._.js:776
[  379098ms] [LOG] [Fast Refresh] done in 1326ms @ http://localhost:3000/_next/static/chunks/node_modules_next_dist_1e8vcs8._.js:776
[  379163ms] [LOG] [Fast Refresh] done in 1326ms @ http://localhost:3000/_next/static/chunks/node_modules_next_dist_1e8vcs8._.js:776
[  379225ms] [LOG] [Fast Refresh] done in 1326ms @ http://localhost:3000/_next/static/chunks/node_modules_next_dist_1e8vcs8._.js:776
[  379289ms] [LOG] [Fast Refresh] done in 1326ms @ http://localhost:3000/_next/static/chunks/node_modules_next_dist_1e8vcs8._.js:776
[  379352ms] [LOG] [Fast Refresh] done in 1326ms @ http://localhost:3000/_next/static/chunks/node_modules_next_dist_1e8vcs8._.js:776
[  379416ms] [LOG] [Fast Refresh] done in 1326ms @ http://localhost:3000/_next/static/chunks/node_modules_next_dist_1e8vcs8._.js:776
[  379480ms] [LOG] [Fast Refresh] done in 1326ms @ http://localhost:3000/_next/static/chunks/node_modules_next_dist_1e8vcs8._.js:776
[  379543ms] [LOG] [Fast Refresh] done in 1326ms @ http://localhost:3000/_next/static/chunks/node_modules_next_dist_1e8vcs8._.js:776
[  379607ms] [LOG] [Fast Refresh] done in 1326ms @ http://localhost:3000/_next/static/chunks/node_modules_next_dist_1e8vcs8._.js:776
[  379670ms] [LOG] [Fast Refresh] done in 1326ms @ http://localhost:3000/_next/static/chunks/node_modules_next_dist_1e8vcs8._.js:776
[  379733ms] [LOG] [Fast Refresh] done in 1326ms @ http://localhost:3000/_next/static/chunks/node_modules_next_dist_1e8vcs8._.js:776
[  379797ms] [LOG] [Fast Refresh] done in 1326ms @ http://localhost:3000/_next/static/chunks/node_modules_next_dist_1e8vcs8._.js:776
[  379862ms] [LOG] [Fast Refresh] done in 1326ms @ http://localhost:3000/_next/static/chunks/node_modules_next_dist_1e8vcs8._.js:776
[  379925ms] [LOG] [Fast Refresh] done in 1326ms @ http://localhost:3000/_next/static/chunks/node_modules_next_dist_1e8vcs8._.js:776
[  379988ms] [LOG] [Fast Refresh] done in 1326ms @ http://localhost:3000/_next/static/chunks/node_modules_next_dist_1e8vcs8._.js:776
[  380052ms] [LOG] [Fast Refresh] done in 1326ms @ http://localhost:3000/_next/static/chunks/node_modules_next_dist_1e8vcs8._.js:776
[  380115ms] [LOG] [Fast Refresh] done in 1326ms @ http://localhost:3000/_next/static/chunks/node_modules_next_dist_1e8vcs8._.js:776
[  380179ms] [LOG] [Fast Refresh] done in 1326ms @ http://localhost:3000/_next/static/chunks/node_modules_next_dist_1e8vcs8._.js:776
[  380242ms] [LOG] [Fast Refresh] done in 1326ms @ http://localhost:3000/_next/static/chunks/node_modules_next_dist_1e8vcs8._.js:776
[  380305ms] [LOG] [Fast Refresh] done in 1326ms @ http://localhost:3000/_next/static/chunks/node_modules_next_dist_1e8vcs8._.js:776
[  380368ms] [LOG] [Fast Refresh] done in 1326ms @ http://localhost:3000/_next/static/chunks/node_modules_next_dist_1e8vcs8._.js:776
[  380431ms] [LOG] [Fast Refresh] done in 1326ms @ http://localhost:3000/_next/static/chunks/node_modules_next_dist_1e8vcs8._.js:776
[  380495ms] [LOG] [Fast Refresh] done in 1326ms @ http://localhost:3000/_next/static/chunks/node_modules_next_dist_1e8vcs8._.js:776
[  380560ms] [LOG] [Fast Refresh] done in 1326ms @ http://localhost:3000/_next/static/chunks/node_modules_next_dist_1e8vcs8._.js:776
[  380622ms] [LOG] [Fast Refresh] done in 1326ms @ http://localhost:3000/_next/static/chunks/node_modules_next_dist_1e8vcs8._.js:776
[  380684ms] [LOG] [Fast Refresh] done in 1326ms @ http://localhost:3000/_next/static/chunks/node_modules_next_dist_1e8vcs8._.js:776
[  380747ms] [LOG] [Fast Refresh] done in 1326ms @ http://localhost:3000/_next/static/chunks/node_modules_next_dist_1e8vcs8._.js:776
[  380810ms] [LOG] [Fast Refresh] done in 1326ms @ http://localhost:3000/_next/static/chunks/node_modules_next_dist_1e8vcs8._.js:776
[  380873ms] [LOG] [Fast Refresh] done in 1326ms @ http://localhost:3000/_next/static/chunks/node_modules_next_dist_1e8vcs8._.js:776
[  380936ms] [LOG] [Fast Refresh] done in 1326ms @ http://localhost:3000/_next/static/chunks/node_modules_next_dist_1e8vcs8._.js:776
[  381001ms] [LOG] [Fast Refresh] done in 1326ms @ http://localhost:3000/_next/static/chunks/node_modules_next_dist_1e8vcs8._.js:776
[  381064ms] [LOG] [Fast Refresh] done in 1326ms @ http://localhost:3000/_next/static/chunks/node_modules_next_dist_1e8vcs8._.js:776
[  381127ms] [LOG] [Fast Refresh] done in 1326ms @ http://localhost:3000/_next/static/chunks/node_modules_next_dist_1e8vcs8._.js:776
[  381191ms] [LOG] [Fast Refresh] done in 1326ms @ http://localhost:3000/_next/static/chunks/node_modules_next_dist_1e8vcs8._.js:776
[  381253ms] [LOG] [Fast Refresh] done in 1326ms @ http://localhost:3000/_next/static/chunks/node_modules_next_dist_1e8vcs8._.js:776
[  381315ms] [LOG] [Fast Refresh] done in 1326ms @ http://localhost:3000/_next/static/chunks/node_modules_next_dist_1e8vcs8._.js:776
[  381378ms] [LOG] [Fast Refresh] done in 1326ms @ http://localhost:3000/_next/static/chunks/node_modules_next_dist_1e8vcs8._.js:776
[  381442ms] [LOG] [Fast Refresh] done in 1326ms @ http://localhost:3000/_next/static/chunks/node_modules_next_dist_1e8vcs8._.js:776
[  381505ms] [LOG] [Fast Refresh] done in 1326ms @ http://localhost:3000/_next/static/chunks/node_modules_next_dist_1e8vcs8._.js:776
[  381569ms] [LOG] [Fast Refresh] done in 1326ms @ http://localhost:3000/_next/static/chunks/node_modules_next_dist_1e8vcs8._.js:776
[  381632ms] [LOG] [Fast Refresh] done in 1326ms @ http://localhost:3000/_next/static/chunks/node_modules_next_dist_1e8vcs8._.js:776
[  381695ms] [LOG] [Fast Refresh] done in 1326ms @ http://localhost:3000/_next/static/chunks/node_modules_next_dist_1e8vcs8._.js:776
[  381758ms] [LOG] [Fast Refresh] done in 1326ms @ http://localhost:3000/_next/static/chunks/node_modules_next_dist_1e8vcs8._.js:776
[  381821ms] [LOG] [Fast Refresh] done in 1326ms @ http://localhost:3000/_next/static/chunks/node_modules_next_dist_1e8vcs8._.js:776
[  381884ms] [LOG] [Fast Refresh] done in 1326ms @ http://localhost:3000/_next/static/chunks/node_modules_next_dist_1e8vcs8._.js:776
[  381946ms] [LOG] [Fast Refresh] done in 1326ms @ http://localhost:3000/_next/static/chunks/node_modules_next_dist_1e8vcs8._.js:776
[  382010ms] [LOG] [Fast Refresh] done in 1326ms @ http://localhost:3000/_next/static/chunks/node_modules_next_dist_1e8vcs8._.js:776
[  382073ms] [LOG] [Fast Refresh] done in 1326ms @ http://localhost:3000/_next/static/chunks/node_modules_next_dist_1e8vcs8._.js:776
[  382135ms] [LOG] [Fast Refresh] done in 1326ms @ http://localhost:3000/_next/static/chunks/node_modules_next_dist_1e8vcs8._.js:776
[  382199ms] [LOG] [Fast Refresh] done in 1326ms @ http://localhost:3000/_next/static/chunks/node_modules_next_dist_1e8vcs8._.js:776
[  382264ms] [LOG] [Fast Refresh] done in 1326ms @ http://localhost:3000/_next/static/chunks/node_modules_next_dist_1e8vcs8._.js:776
[  382326ms] [LOG] [Fast Refresh] done in 1326ms @ http://localhost:3000/_next/static/chunks/node_modules_next_dist_1e8vcs8._.js:776
[  382389ms] [LOG] [Fast Refresh] done in 1326ms @ http://localhost:3000/_next/static/chunks/node_modules_next_dist_1e8vcs8._.js:776
[  382454ms] [LOG] [Fast Refresh] done in 1326ms @ http://localhost:3000/_next/static/chunks/node_modules_next_dist_1e8vcs8._.js:776
[  382516ms] [LOG] [Fast Refresh] done in 1326ms @ http://localhost:3000/_next/static/chunks/node_modules_next_dist_1e8vcs8._.js:776
[  382579ms] [LOG] [Fast Refresh] done in 1326ms @ http://localhost:3000/_next/static/chunks/node_modules_next_dist_1e8vcs8._.js:776
[  382644ms] [LOG] [Fast Refresh] done in 1326ms @ http://localhost:3000/_next/static/chunks/node_modules_next_dist_1e8vcs8._.js:776
[  382706ms] [LOG] [Fast Refresh] done in 1326ms @ http://localhost:3000/_next/static/chunks/node_modules_next_dist_1e8vcs8._.js:776
[  382771ms] [LOG] [Fast Refresh] done in 1326ms @ http://localhost:3000/_next/static/chunks/node_modules_next_dist_1e8vcs8._.js:776
[  382833ms] [LOG] [Fast Refresh] done in 1326ms @ http://localhost:3000/_next/static/chunks/node_modules_next_dist_1e8vcs8._.js:776
[  382897ms] [LOG] [Fast Refresh] done in 1326ms @ http://localhost:3000/_next/static/chunks/node_modules_next_dist_1e8vcs8._.js:776
[  382960ms] [LOG] [Fast Refresh] done in 1326ms @ http://localhost:3000/_next/static/chunks/node_modules_next_dist_1e8vcs8._.js:776
[  383025ms] [LOG] [Fast Refresh] done in 1326ms @ http://localhost:3000/_next/static/chunks/node_modules_next_dist_1e8vcs8._.js:776
[  383087ms] [LOG] [Fast Refresh] done in 1326ms @ http://localhost:3000/_next/static/chunks/node_modules_next_dist_1e8vcs8._.js:776
[  383150ms] [LOG] [Fast Refresh] done in 1326ms @ http://localhost:3000/_next/static/chunks/node_modules_next_dist_1e8vcs8._.js:776
[  383214ms] [LOG] [Fast Refresh] done in 1326ms @ http://localhost:3000/_next/static/chunks/node_modules_next_dist_1e8vcs8._.js:776
[  383276ms] [LOG] [Fast Refresh] done in 1326ms @ http://localhost:3000/_next/static/chunks/node_modules_next_dist_1e8vcs8._.js:776
[  383340ms] [LOG] [Fast Refresh] done in 1326ms @ http://localhost:3000/_next/static/chunks/node_modules_next_dist_1e8vcs8._.js:776
[  383403ms] [LOG] [Fast Refresh] done in 1326ms @ http://localhost:3000/_next/static/chunks/node_modules_next_dist_1e8vcs8._.js:776
[  383467ms] [LOG] [Fast Refresh] done in 1326ms @ http://localhost:3000/_next/static/chunks/node_modules_next_dist_1e8vcs8._.js:776
[  383529ms] [LOG] [Fast Refresh] done in 1326ms @ http://localhost:3000/_next/static/chunks/node_modules_next_dist_1e8vcs8._.js:776
[  383593ms] [LOG] [Fast Refresh] done in 1326ms @ http://localhost:3000/_next/static/chunks/node_modules_next_dist_1e8vcs8._.js:776
[  383655ms] [LOG] [Fast Refresh] done in 1326ms @ http://localhost:3000/_next/static/chunks/node_modules_next_dist_1e8vcs8._.js:776
[  383719ms] [LOG] [Fast Refresh] done in 1326ms @ http://localhost:3000/_next/static/chunks/node_modules_next_dist_1e8vcs8._.js:776
[  383782ms] [LOG] [Fast Refresh] done in 1326ms @ http://localhost:3000/_next/static/chunks/node_modules_next_dist_1e8vcs8._.js:776
[  383846ms] [LOG] [Fast Refresh] done in 1326ms @ http://localhost:3000/_next/static/chunks/node_modules_next_dist_1e8vcs8._.js:776
[  383909ms] [LOG] [Fast Refresh] done in 1326ms @ http://localhost:3000/_next/static/chunks/node_modules_next_dist_1e8vcs8._.js:776
[  383973ms] [LOG] [Fast Refresh] done in 1326ms @ http://localhost:3000/_next/static/chunks/node_modules_next_dist_1e8vcs8._.js:776
[  384035ms] [LOG] [Fast Refresh] done in 1326ms @ http://localhost:3000/_next/static/chunks/node_modules_next_dist_1e8vcs8._.js:776
[  384099ms] [LOG] [Fast Refresh] done in 1326ms @ http://localhost:3000/_next/static/chunks/node_modules_next_dist_1e8vcs8._.js:776
[  384162ms] [LOG] [Fast Refresh] done in 1326ms @ http://localhost:3000/_next/static/chunks/node_modules_next_dist_1e8vcs8._.js:776
[  384226ms] [LOG] [Fast Refresh] done in 1326ms @ http://localhost:3000/_next/static/chunks/node_modules_next_dist_1e8vcs8._.js:776
[  384289ms] [LOG] [Fast Refresh] done in 1326ms @ http://localhost:3000/_next/static/chunks/node_modules_next_dist_1e8vcs8._.js:776
[  384352ms] [LOG] [Fast Refresh] done in 1326ms @ http://localhost:3000/_next/static/chunks/node_modules_next_dist_1e8vcs8._.js:776
[  384415ms] [LOG] [Fast Refresh] done in 1326ms @ http://localhost:3000/_next/static/chunks/node_modules_next_dist_1e8vcs8._.js:776
[  384480ms] [LOG] [Fast Refresh] done in 1326ms @ http://localhost:3000/_next/static/chunks/node_modules_next_dist_1e8vcs8._.js:776
[  384543ms] [LOG] [Fast Refresh] done in 1326ms @ http://localhost:3000/_next/static/chunks/node_modules_next_dist_1e8vcs8._.js:776
[  384607ms] [LOG] [Fast Refresh] done in 1326ms @ http://localhost:3000/_next/static/chunks/node_modules_next_dist_1e8vcs8._.js:776
[  384670ms] [LOG] [Fast Refresh] done in 1326ms @ http://localhost:3000/_next/static/chunks/node_modules_next_dist_1e8vcs8._.js:776
[  384734ms] [LOG] [Fast Refresh] done in 1326ms @ http://localhost:3000/_next/static/chunks/node_modules_next_dist_1e8vcs8._.js:776
[  384797ms] [LOG] [Fast Refresh] done in 1326ms @ http://localhost:3000/_next/static/chunks/node_modules_next_dist_1e8vcs8._.js:776
[  384861ms] [LOG] [Fast Refresh] done in 1326ms @ http://localhost:3000/_next/static/chunks/node_modules_next_dist_1e8vcs8._.js:776
[  384924ms] [LOG] [Fast Refresh] done in 1326ms @ http://localhost:3000/_next/static/chunks/node_modules_next_dist_1e8vcs8._.js:776
[  384987ms] [LOG] [Fast Refresh] done in 1326ms @ http://localhost:3000/_next/static/chunks/node_modules_next_dist_1e8vcs8._.js:776
[  385050ms] [LOG] [Fast Refresh] done in 1326ms @ http://localhost:3000/_next/static/chunks/node_modules_next_dist_1e8vcs8._.js:776
[  385114ms] [LOG] [Fast Refresh] done in 1326ms @ http://localhost:3000/_next/static/chunks/node_modules_next_dist_1e8vcs8._.js:776
[  385176ms] [LOG] [Fast Refresh] done in 1326ms @ http://localhost:3000/_next/static/chunks/node_modules_next_dist_1e8vcs8._.js:776
[  385240ms] [LOG] [Fast Refresh] done in 1326ms @ http://localhost:3000/_next/static/chunks/node_modules_next_dist_1e8vcs8._.js:776
[  385305ms] [LOG] [Fast Refresh] done in 1326ms @ http://localhost:3000/_next/static/chunks/node_modules_next_dist_1e8vcs8._.js:776
[  385368ms] [LOG] [Fast Refresh] done in 1326ms @ http://localhost:3000/_next/static/chunks/node_modules_next_dist_1e8vcs8._.js:776
[  385431ms] [LOG] [Fast Refresh] done in 1326ms @ http://localhost:3000/_next/static/chunks/node_modules_next_dist_1e8vcs8._.js:776
[  385496ms] [LOG] [Fast Refresh] done in 1326ms @ http://localhost:3000/_next/static/chunks/node_modules_next_dist_1e8vcs8._.js:776
[  385558ms] [LOG] [Fast Refresh] done in 1326ms @ http://localhost:3000/_next/static/chunks/node_modules_next_dist_1e8vcs8._.js:776
[  385622ms] [LOG] [Fast Refresh] done in 1326ms @ http://localhost:3000/_next/static/chunks/node_modules_next_dist_1e8vcs8._.js:776
[  385685ms] [LOG] [Fast Refresh] done in 1326ms @ http://localhost:3000/_next/static/chunks/node_modules_next_dist_1e8vcs8._.js:776
[  385747ms] [LOG] [Fast Refresh] done in 1326ms @ http://localhost:3000/_next/static/chunks/node_modules_next_dist_1e8vcs8._.js:776
[  385808ms] [LOG] [Fast Refresh] done in 1326ms @ http://localhost:3000/_next/static/chunks/node_modules_next_dist_1e8vcs8._.js:776
[  385871ms] [LOG] [Fast Refresh] done in 1326ms @ http://localhost:3000/_next/static/chunks/node_modules_next_dist_1e8vcs8._.js:776
[  385935ms] [LOG] [Fast Refresh] done in 1326ms @ http://localhost:3000/_next/static/chunks/node_modules_next_dist_1e8vcs8._.js:776
[  385998ms] [LOG] [Fast Refresh] done in 1326ms @ http://localhost:3000/_next/static/chunks/node_modules_next_dist_1e8vcs8._.js:776
[  386060ms] [LOG] [Fast Refresh] done in 1326ms @ http://localhost:3000/_next/static/chunks/node_modules_next_dist_1e8vcs8._.js:776
[  386122ms] [LOG] [Fast Refresh] done in 1326ms @ http://localhost:3000/_next/static/chunks/node_modules_next_dist_1e8vcs8._.js:776
[  386186ms] [LOG] [Fast Refresh] done in 1326ms @ http://localhost:3000/_next/static/chunks/node_modules_next_dist_1e8vcs8._.js:776
[  386248ms] [LOG] [Fast Refresh] done in 1326ms @ http://localhost:3000/_next/static/chunks/node_modules_next_dist_1e8vcs8._.js:776
[  386312ms] [LOG] [Fast Refresh] done in 1326ms @ http://localhost:3000/_next/static/chunks/node_modules_next_dist_1e8vcs8._.js:776
[  386375ms] [LOG] [Fast Refresh] done in 1326ms @ http://localhost:3000/_next/static/chunks/node_modules_next_dist_1e8vcs8._.js:776
[  386438ms] [LOG] [Fast Refresh] done in 1326ms @ http://localhost:3000/_next/static/chunks/node_modules_next_dist_1e8vcs8._.js:776
[  386502ms] [LOG] [Fast Refresh] done in 1326ms @ http://localhost:3000/_next/static/chunks/node_modules_next_dist_1e8vcs8._.js:776
[  386566ms] [LOG] [Fast Refresh] done in 1326ms @ http://localhost:3000/_next/static/chunks/node_modules_next_dist_1e8vcs8._.js:776
[  386629ms] [LOG] [Fast Refresh] done in 1326ms @ http://localhost:3000/_next/static/chunks/node_modules_next_dist_1e8vcs8._.js:776
[  386692ms] [LOG] [Fast Refresh] done in 1326ms @ http://localhost:3000/_next/static/chunks/node_modules_next_dist_1e8vcs8._.js:776
[  386756ms] [LOG] [Fast Refresh] done in 1326ms @ http://localhost:3000/_next/static/chunks/node_modules_next_dist_1e8vcs8._.js:776
[  386820ms] [LOG] [Fast Refresh] done in 1326ms @ http://localhost:3000/_next/static/chunks/node_modules_next_dist_1e8vcs8._.js:776
[  386883ms] [LOG] [Fast Refresh] done in 1326ms @ http://localhost:3000/_next/static/chunks/node_modules_next_dist_1e8vcs8._.js:776
[  386946ms] [LOG] [Fast Refresh] done in 1326ms @ http://localhost:3000/_next/static/chunks/node_modules_next_dist_1e8vcs8._.js:776
[  387009ms] [LOG] [Fast Refresh] done in 1326ms @ http://localhost:3000/_next/static/chunks/node_modules_next_dist_1e8vcs8._.js:776
[  387073ms] [LOG] [Fast Refresh] done in 1326ms @ http://localhost:3000/_next/static/chunks/node_modules_next_dist_1e8vcs8._.js:776
[  387136ms] [LOG] [Fast Refresh] done in 1326ms @ http://localhost:3000/_next/static/chunks/node_modules_next_dist_1e8vcs8._.js:776
[  387199ms] [LOG] [Fast Refresh] done in 1326ms @ http://localhost:3000/_next/static/chunks/node_modules_next_dist_1e8vcs8._.js:776
[  387264ms] [LOG] [Fast Refresh] done in 1326ms @ http://localhost:3000/_next/static/chunks/node_modules_next_dist_1e8vcs8._.js:776
[  387327ms] [LOG] [Fast Refresh] done in 1326ms @ http://localhost:3000/_next/static/chunks/node_modules_next_dist_1e8vcs8._.js:776
[  387392ms] [LOG] [Fast Refresh] done in 1326ms @ http://localhost:3000/_next/static/chunks/node_modules_next_dist_1e8vcs8._.js:776
[  387455ms] [LOG] [Fast Refresh] done in 1326ms @ http://localhost:3000/_next/static/chunks/node_modules_next_dist_1e8vcs8._.js:776
[  387518ms] [LOG] [Fast Refresh] done in 1326ms @ http://localhost:3000/_next/static/chunks/node_modules_next_dist_1e8vcs8._.js:776
[  387582ms] [LOG] [Fast Refresh] done in 1326ms @ http://localhost:3000/_next/static/chunks/node_modules_next_dist_1e8vcs8._.js:776
[  387646ms] [LOG] [Fast Refresh] done in 1326ms @ http://localhost:3000/_next/static/chunks/node_modules_next_dist_1e8vcs8._.js:776
[  387710ms] [LOG] [Fast Refresh] done in 1326ms @ http://localhost:3000/_next/static/chunks/node_modules_next_dist_1e8vcs8._.js:776
[  387773ms] [LOG] [Fast Refresh] done in 1326ms @ http://localhost:3000/_next/static/chunks/node_modules_next_dist_1e8vcs8._.js:776
[  387838ms] [LOG] [Fast Refresh] done in 1326ms @ http://localhost:3000/_next/static/chunks/node_modules_next_dist_1e8vcs8._.js:776
[  387902ms] [LOG] [Fast Refresh] done in 1326ms @ http://localhost:3000/_next/static/chunks/node_modules_next_dist_1e8vcs8._.js:776
[  387965ms] [LOG] [Fast Refresh] done in 1326ms @ http://localhost:3000/_next/static/chunks/node_modules_next_dist_1e8vcs8._.js:776
[  388028ms] [LOG] [Fast Refresh] done in 1326ms @ http://localhost:3000/_next/static/chunks/node_modules_next_dist_1e8vcs8._.js:776
[  388088ms] [LOG] [Fast Refresh] done in 1326ms @ http://localhost:3000/_next/static/chunks/node_modules_next_dist_1e8vcs8._.js:776
[  388150ms] [LOG] [Fast Refresh] done in 1326ms @ http://localhost:3000/_next/static/chunks/node_modules_next_dist_1e8vcs8._.js:776
[  388214ms] [LOG] [Fast Refresh] done in 1326ms @ http://localhost:3000/_next/static/chunks/node_modules_next_dist_1e8vcs8._.js:776
[  388276ms] [LOG] [Fast Refresh] done in 1326ms @ http://localhost:3000/_next/static/chunks/node_modules_next_dist_1e8vcs8._.js:776
[  388340ms] [LOG] [Fast Refresh] done in 1326ms @ http://localhost:3000/_next/static/chunks/node_modules_next_dist_1e8vcs8._.js:776
[  388403ms] [LOG] [Fast Refresh] done in 1326ms @ http://localhost:3000/_next/static/chunks/node_modules_next_dist_1e8vcs8._.js:776
[  388466ms] [LOG] [Fast Refresh] done in 1326ms @ http://localhost:3000/_next/static/chunks/node_modules_next_dist_1e8vcs8._.js:776
[  388533ms] [LOG] [Fast Refresh] done in 1326ms @ http://localhost:3000/_next/static/chunks/node_modules_next_dist_1e8vcs8._.js:776
[  388591ms] [LOG] [Fast Refresh] done in 1326ms @ http://localhost:3000/_next/static/chunks/node_modules_next_dist_1e8vcs8._.js:776
[  388655ms] [LOG] [Fast Refresh] done in 1326ms @ http://localhost:3000/_next/static/chunks/node_modules_next_dist_1e8vcs8._.js:776
[  388718ms] [LOG] [Fast Refresh] done in 1326ms @ http://localhost:3000/_next/static/chunks/node_modules_next_dist_1e8vcs8._.js:776
[  388782ms] [LOG] [Fast Refresh] done in 1326ms @ http://localhost:3000/_next/static/chunks/node_modules_next_dist_1e8vcs8._.js:776
[  388845ms] [LOG] [Fast Refresh] done in 1326ms @ http://localhost:3000/_next/static/chunks/node_modules_next_dist_1e8vcs8._.js:776
[  388908ms] [LOG] [Fast Refresh] done in 1326ms @ http://localhost:3000/_next/static/chunks/node_modules_next_dist_1e8vcs8._.js:776
[  388972ms] [LOG] [Fast Refresh] done in 1326ms @ http://localhost:3000/_next/static/chunks/node_modules_next_dist_1e8vcs8._.js:776
[  389034ms] [LOG] [Fast Refresh] done in 1326ms @ http://localhost:3000/_next/static/chunks/node_modules_next_dist_1e8vcs8._.js:776
[  389098ms] [LOG] [Fast Refresh] done in 1326ms @ http://localhost:3000/_next/static/chunks/node_modules_next_dist_1e8vcs8._.js:776
[  389162ms] [LOG] [Fast Refresh] done in 1326ms @ http://localhost:3000/_next/static/chunks/node_modules_next_dist_1e8vcs8._.js:776
[  389226ms] [LOG] [Fast Refresh] done in 1326ms @ http://localhost:3000/_next/static/chunks/node_modules_next_dist_1e8vcs8._.js:776
[  389289ms] [LOG] [Fast Refresh] done in 1326ms @ http://localhost:3000/_next/static/chunks/node_modules_next_dist_1e8vcs8._.js:776
[  389353ms] [LOG] [Fast Refresh] done in 1326ms @ http://localhost:3000/_next/static/chunks/node_modules_next_dist_1e8vcs8._.js:776
[  389415ms] [LOG] [Fast Refresh] done in 1326ms @ http://localhost:3000/_next/static/chunks/node_modules_next_dist_1e8vcs8._.js:776
[  389480ms] [LOG] [Fast Refresh] done in 1326ms @ http://localhost:3000/_next/static/chunks/node_modules_next_dist_1e8vcs8._.js:776
[  389541ms] [LOG] [Fast Refresh] done in 1326ms @ http://localhost:3000/_next/static/chunks/node_modules_next_dist_1e8vcs8._.js:776
[  389607ms] [LOG] [Fast Refresh] done in 1326ms @ http://localhost:3000/_next/static/chunks/node_modules_next_dist_1e8vcs8._.js:776
[  389670ms] [LOG] [Fast Refresh] done in 1326ms @ http://localhost:3000/_next/static/chunks/node_modules_next_dist_1e8vcs8._.js:776
[  389733ms] [LOG] [Fast Refresh] done in 1326ms @ http://localhost:3000/_next/static/chunks/node_modules_next_dist_1e8vcs8._.js:776
[  389795ms] [LOG] [Fast Refresh] done in 1326ms @ http://localhost:3000/_next/static/chunks/node_modules_next_dist_1e8vcs8._.js:776
[  389859ms] [LOG] [Fast Refresh] done in 1326ms @ http://localhost:3000/_next/static/chunks/node_modules_next_dist_1e8vcs8._.js:776
[  389924ms] [LOG] [Fast Refresh] done in 1326ms @ http://localhost:3000/_next/static/chunks/node_modules_next_dist_1e8vcs8._.js:776
[  389989ms] [LOG] [Fast Refresh] done in 1326ms @ http://localhost:3000/_next/static/chunks/node_modules_next_dist_1e8vcs8._.js:776
[  390049ms] [LOG] [Fast Refresh] done in 1326ms @ http://localhost:3000/_next/static/chunks/node_modules_next_dist_1e8vcs8._.js:776
[  390105ms] [LOG] [Fast Refresh] done in 1326ms @ http://localhost:3000/_next/static/chunks/node_modules_next_dist_1e8vcs8._.js:776
[  390176ms] [LOG] [Fast Refresh] done in 1326ms @ http://localhost:3000/_next/static/chunks/node_modules_next_dist_1e8vcs8._.js:776
[  390240ms] [LOG] [Fast Refresh] done in 1326ms @ http://localhost:3000/_next/static/chunks/node_modules_next_dist_1e8vcs8._.js:776
[  390301ms] [LOG] [Fast Refresh] done in 1326ms @ http://localhost:3000/_next/static/chunks/node_modules_next_dist_1e8vcs8._.js:776
[  390364ms] [LOG] [Fast Refresh] done in 1326ms @ http://localhost:3000/_next/static/chunks/node_modules_next_dist_1e8vcs8._.js:776
[  390427ms] [LOG] [Fast Refresh] done in 1326ms @ http://localhost:3000/_next/static/chunks/node_modules_next_dist_1e8vcs8._.js:776
[  390491ms] [LOG] [Fast Refresh] done in 1326ms @ http://localhost:3000/_next/static/chunks/node_modules_next_dist_1e8vcs8._.js:776
[  390554ms] [LOG] [Fast Refresh] done in 1326ms @ http://localhost:3000/_next/static/chunks/node_modules_next_dist_1e8vcs8._.js:776
[  390618ms] [LOG] [Fast Refresh] done in 1326ms @ http://localhost:3000/_next/static/chunks/node_modules_next_dist_1e8vcs8._.js:776
[  390698ms] [LOG] [Fast Refresh] done in 1326ms @ http://localhost:3000/_next/static/chunks/node_modules_next_dist_1e8vcs8._.js:776
[  390760ms] [LOG] [Fast Refresh] done in 1326ms @ http://localhost:3000/_next/static/chunks/node_modules_next_dist_1e8vcs8._.js:776
[  390824ms] [LOG] [Fast Refresh] done in 1326ms @ http://localhost:3000/_next/static/chunks/node_modules_next_dist_1e8vcs8._.js:776
[  390888ms] [LOG] [Fast Refresh] done in 1326ms @ http://localhost:3000/_next/static/chunks/node_modules_next_dist_1e8vcs8._.js:776
[  390950ms] [LOG] [Fast Refresh] done in 1326ms @ http://localhost:3000/_next/static/chunks/node_modules_next_dist_1e8vcs8._.js:776
[  391014ms] [LOG] [Fast Refresh] done in 1326ms @ http://localhost:3000/_next/static/chunks/node_modules_next_dist_1e8vcs8._.js:776
[  391077ms] [LOG] [Fast Refresh] done in 1326ms @ http://localhost:3000/_next/static/chunks/node_modules_next_dist_1e8vcs8._.js:776
[  391139ms] [LOG] [Fast Refresh] done in 1326ms @ http://localhost:3000/_next/static/chunks/node_modules_next_dist_1e8vcs8._.js:776
[  391203ms] [LOG] [Fast Refresh] done in 1326ms @ http://localhost:3000/_next/static/chunks/node_modules_next_dist_1e8vcs8._.js:776
[  391267ms] [LOG] [Fast Refresh] done in 1326ms @ http://localhost:3000/_next/static/chunks/node_modules_next_dist_1e8vcs8._.js:776
[  391329ms] [LOG] [Fast Refresh] done in 1326ms @ http://localhost:3000/_next/static/chunks/node_modules_next_dist_1e8vcs8._.js:776
[  391392ms] [LOG] [Fast Refresh] done in 1326ms @ http://localhost:3000/_next/static/chunks/node_modules_next_dist_1e8vcs8._.js:776
[  391455ms] [LOG] [Fast Refresh] done in 1326ms @ http://localhost:3000/_next/static/chunks/node_modules_next_dist_1e8vcs8._.js:776
[  391519ms] [LOG] [Fast Refresh] done in 1326ms @ http://localhost:3000/_next/static/chunks/node_modules_next_dist_1e8vcs8._.js:776
[  391583ms] [LOG] [Fast Refresh] done in 1326ms @ http://localhost:3000/_next/static/chunks/node_modules_next_dist_1e8vcs8._.js:776
[  391646ms] [LOG] [Fast Refresh] done in 1326ms @ http://localhost:3000/_next/static/chunks/node_modules_next_dist_1e8vcs8._.js:776
[  391710ms] [LOG] [Fast Refresh] done in 1326ms @ http://localhost:3000/_next/static/chunks/node_modules_next_dist_1e8vcs8._.js:776
[  391774ms] [LOG] [Fast Refresh] done in 1326ms @ http://localhost:3000/_next/static/chunks/node_modules_next_dist_1e8vcs8._.js:776
[  391837ms] [LOG] [Fast Refresh] done in 1326ms @ http://localhost:3000/_next/static/chunks/node_modules_next_dist_1e8vcs8._.js:776
[  391900ms] [LOG] [Fast Refresh] done in 1326ms @ http://localhost:3000/_next/static/chunks/node_modules_next_dist_1e8vcs8._.js:776
[  391964ms] [LOG] [Fast Refresh] done in 1326ms @ http://localhost:3000/_next/static/chunks/node_modules_next_dist_1e8vcs8._.js:776
[  392029ms] [LOG] [Fast Refresh] done in 1326ms @ http://localhost:3000/_next/static/chunks/node_modules_next_dist_1e8vcs8._.js:776
[  392093ms] [LOG] [Fast Refresh] done in 1326ms @ http://localhost:3000/_next/static/chunks/node_modules_next_dist_1e8vcs8._.js:776
[  392155ms] [LOG] [Fast Refresh] done in 1326ms @ http://localhost:3000/_next/static/chunks/node_modules_next_dist_1e8vcs8._.js:776
[  392219ms] [LOG] [Fast Refresh] done in 1326ms @ http://localhost:3000/_next/static/chunks/node_modules_next_dist_1e8vcs8._.js:776
[  392283ms] [LOG] [Fast Refresh] done in 1326ms @ http://localhost:3000/_next/static/chunks/node_modules_next_dist_1e8vcs8._.js:776
[  392347ms] [LOG] [Fast Refresh] done in 1326ms @ http://localhost:3000/_next/static/chunks/node_modules_next_dist_1e8vcs8._.js:776
[  392411ms] [LOG] [Fast Refresh] done in 1326ms @ http://localhost:3000/_next/static/chunks/node_modules_next_dist_1e8vcs8._.js:776
[  392473ms] [LOG] [Fast Refresh] done in 1326ms @ http://localhost:3000/_next/static/chunks/node_modules_next_dist_1e8vcs8._.js:776
[  392535ms] [LOG] [Fast Refresh] done in 1326ms @ http://localhost:3000/_next/static/chunks/node_modules_next_dist_1e8vcs8._.js:776
[  392599ms] [LOG] [Fast Refresh] done in 1326ms @ http://localhost:3000/_next/static/chunks/node_modules_next_dist_1e8vcs8._.js:776
[  392660ms] [LOG] [Fast Refresh] done in 1326ms @ http://localhost:3000/_next/static/chunks/node_modules_next_dist_1e8vcs8._.js:776
[  392723ms] [LOG] [Fast Refresh] done in 1326ms @ http://localhost:3000/_next/static/chunks/node_modules_next_dist_1e8vcs8._.js:776
[  392787ms] [LOG] [Fast Refresh] done in 1326ms @ http://localhost:3000/_next/static/chunks/node_modules_next_dist_1e8vcs8._.js:776
[  392851ms] [LOG] [Fast Refresh] done in 1326ms @ http://localhost:3000/_next/static/chunks/node_modules_next_dist_1e8vcs8._.js:776
[  392915ms] [LOG] [Fast Refresh] done in 1326ms @ http://localhost:3000/_next/static/chunks/node_modules_next_dist_1e8vcs8._.js:776
[  392979ms] [LOG] [Fast Refresh] done in 1326ms @ http://localhost:3000/_next/static/chunks/node_modules_next_dist_1e8vcs8._.js:776
[  393042ms] [LOG] [Fast Refresh] done in 1326ms @ http://localhost:3000/_next/static/chunks/node_modules_next_dist_1e8vcs8._.js:776
[  393106ms] [LOG] [Fast Refresh] done in 1326ms @ http://localhost:3000/_next/static/chunks/node_modules_next_dist_1e8vcs8._.js:776
[  393168ms] [LOG] [Fast Refresh] done in 1326ms @ http://localhost:3000/_next/static/chunks/node_modules_next_dist_1e8vcs8._.js:776
[  393232ms] [LOG] [Fast Refresh] done in 1326ms @ http://localhost:3000/_next/static/chunks/node_modules_next_dist_1e8vcs8._.js:776
[  393295ms] [LOG] [Fast Refresh] done in 1326ms @ http://localhost:3000/_next/static/chunks/node_modules_next_dist_1e8vcs8._.js:776
[  393359ms] [LOG] [Fast Refresh] done in 1326ms @ http://localhost:3000/_next/static/chunks/node_modules_next_dist_1e8vcs8._.js:776
[  393422ms] [LOG] [Fast Refresh] done in 1326ms @ http://localhost:3000/_next/static/chunks/node_modules_next_dist_1e8vcs8._.js:776
[  393485ms] [LOG] [Fast Refresh] done in 1326ms @ http://localhost:3000/_next/static/chunks/node_modules_next_dist_1e8vcs8._.js:776
[  393548ms] [LOG] [Fast Refresh] done in 1326ms @ http://localhost:3000/_next/static/chunks/node_modules_next_dist_1e8vcs8._.js:776
[  393611ms] [LOG] [Fast Refresh] done in 1326ms @ http://localhost:3000/_next/static/chunks/node_modules_next_dist_1e8vcs8._.js:776
[  393674ms] [LOG] [Fast Refresh] done in 1326ms @ http://localhost:3000/_next/static/chunks/node_modules_next_dist_1e8vcs8._.js:776
[  393738ms] [LOG] [Fast Refresh] done in 1326ms @ http://localhost:3000/_next/static/chunks/node_modules_next_dist_1e8vcs8._.js:776
[  393801ms] [LOG] [Fast Refresh] done in 1326ms @ http://localhost:3000/_next/static/chunks/node_modules_next_dist_1e8vcs8._.js:776
[  393865ms] [LOG] [Fast Refresh] done in 1326ms @ http://localhost:3000/_next/static/chunks/node_modules_next_dist_1e8vcs8._.js:776
[  393927ms] [LOG] [Fast Refresh] done in 1326ms @ http://localhost:3000/_next/static/chunks/node_modules_next_dist_1e8vcs8._.js:776
[  393991ms] [LOG] [Fast Refresh] done in 1326ms @ http://localhost:3000/_next/static/chunks/node_modules_next_dist_1e8vcs8._.js:776
[  394054ms] [LOG] [Fast Refresh] done in 1326ms @ http://localhost:3000/_next/static/chunks/node_modules_next_dist_1e8vcs8._.js:776
[  394117ms] [LOG] [Fast Refresh] done in 1326ms @ http://localhost:3000/_next/static/chunks/node_modules_next_dist_1e8vcs8._.js:776
[  394181ms] [LOG] [Fast Refresh] done in 1326ms @ http://localhost:3000/_next/static/chunks/node_modules_next_dist_1e8vcs8._.js:776
[  394243ms] [LOG] [Fast Refresh] done in 1326ms @ http://localhost:3000/_next/static/chunks/node_modules_next_dist_1e8vcs8._.js:776
[  394307ms] [LOG] [Fast Refresh] done in 1326ms @ http://localhost:3000/_next/static/chunks/node_modules_next_dist_1e8vcs8._.js:776
[  394370ms] [LOG] [Fast Refresh] done in 1326ms @ http://localhost:3000/_next/static/chunks/node_modules_next_dist_1e8vcs8._.js:776
[  394434ms] [LOG] [Fast Refresh] done in 1326ms @ http://localhost:3000/_next/static/chunks/node_modules_next_dist_1e8vcs8._.js:776
[  394497ms] [LOG] [Fast Refresh] done in 1326ms @ http://localhost:3000/_next/static/chunks/node_modules_next_dist_1e8vcs8._.js:776
[  394560ms] [LOG] [Fast Refresh] done in 1326ms @ http://localhost:3000/_next/static/chunks/node_modules_next_dist_1e8vcs8._.js:776
[  394624ms] [LOG] [Fast Refresh] done in 1326ms @ http://localhost:3000/_next/static/chunks/node_modules_next_dist_1e8vcs8._.js:776
[  394686ms] [LOG] [Fast Refresh] done in 1326ms @ http://localhost:3000/_next/static/chunks/node_modules_next_dist_1e8vcs8._.js:776
[  394749ms] [LOG] [Fast Refresh] done in 1326ms @ http://localhost:3000/_next/static/chunks/node_modules_next_dist_1e8vcs8._.js:776
[  394812ms] [LOG] [Fast Refresh] done in 1326ms @ http://localhost:3000/_next/static/chunks/node_modules_next_dist_1e8vcs8._.js:776
[  394876ms] [LOG] [Fast Refresh] done in 1326ms @ http://localhost:3000/_next/static/chunks/node_modules_next_dist_1e8vcs8._.js:776
[  394941ms] [LOG] [Fast Refresh] done in 1326ms @ http://localhost:3000/_next/static/chunks/node_modules_next_dist_1e8vcs8._.js:776
[  395004ms] [LOG] [Fast Refresh] done in 1326ms @ http://localhost:3000/_next/static/chunks/node_modules_next_dist_1e8vcs8._.js:776
[  395067ms] [LOG] [Fast Refresh] done in 1326ms @ http://localhost:3000/_next/static/chunks/node_modules_next_dist_1e8vcs8._.js:776
[  395130ms] [LOG] [Fast Refresh] done in 1326ms @ http://localhost:3000/_next/static/chunks/node_modules_next_dist_1e8vcs8._.js:776
[  395194ms] [LOG] [Fast Refresh] done in 1326ms @ http://localhost:3000/_next/static/chunks/node_modules_next_dist_1e8vcs8._.js:776
[  395257ms] [LOG] [Fast Refresh] done in 1326ms @ http://localhost:3000/_next/static/chunks/node_modules_next_dist_1e8vcs8._.js:776
[  395321ms] [LOG] [Fast Refresh] done in 1326ms @ http://localhost:3000/_next/static/chunks/node_modules_next_dist_1e8vcs8._.js:776
[  395386ms] [LOG] [Fast Refresh] done in 1326ms @ http://localhost:3000/_next/static/chunks/node_modules_next_dist_1e8vcs8._.js:776
[  395448ms] [LOG] [Fast Refresh] done in 1326ms @ http://localhost:3000/_next/static/chunks/node_modules_next_dist_1e8vcs8._.js:776
[  395511ms] [LOG] [Fast Refresh] done in 1326ms @ http://localhost:3000/_next/static/chunks/node_modules_next_dist_1e8vcs8._.js:776
[  395574ms] [LOG] [Fast Refresh] done in 1326ms @ http://localhost:3000/_next/static/chunks/node_modules_next_dist_1e8vcs8._.js:776
[  395637ms] [LOG] [Fast Refresh] done in 1326ms @ http://localhost:3000/_next/static/chunks/node_modules_next_dist_1e8vcs8._.js:776
[  395701ms] [LOG] [Fast Refresh] done in 1326ms @ http://localhost:3000/_next/static/chunks/node_modules_next_dist_1e8vcs8._.js:776
[  395764ms] [LOG] [Fast Refresh] done in 1326ms @ http://localhost:3000/_next/static/chunks/node_modules_next_dist_1e8vcs8._.js:776
[  395828ms] [LOG] [Fast Refresh] done in 1326ms @ http://localhost:3000/_next/static/chunks/node_modules_next_dist_1e8vcs8._.js:776
[  395891ms] [LOG] [Fast Refresh] done in 1326ms @ http://localhost:3000/_next/static/chunks/node_modules_next_dist_1e8vcs8._.js:776
[  395954ms] [LOG] [Fast Refresh] done in 1326ms @ http://localhost:3000/_next/static/chunks/node_modules_next_dist_1e8vcs8._.js:776
[  396019ms] [LOG] [Fast Refresh] done in 1326ms @ http://localhost:3000/_next/static/chunks/node_modules_next_dist_1e8vcs8._.js:776
[  396084ms] [LOG] [Fast Refresh] done in 1326ms @ http://localhost:3000/_next/static/chunks/node_modules_next_dist_1e8vcs8._.js:776
[  396148ms] [LOG] [Fast Refresh] done in 1326ms @ http://localhost:3000/_next/static/chunks/node_modules_next_dist_1e8vcs8._.js:776
[  396211ms] [LOG] [Fast Refresh] done in 1326ms @ http://localhost:3000/_next/static/chunks/node_modules_next_dist_1e8vcs8._.js:776
[  396274ms] [LOG] [Fast Refresh] done in 1326ms @ http://localhost:3000/_next/static/chunks/node_modules_next_dist_1e8vcs8._.js:776
[  396339ms] [LOG] [Fast Refresh] done in 1326ms @ http://localhost:3000/_next/static/chunks/node_modules_next_dist_1e8vcs8._.js:776
[  396402ms] [LOG] [Fast Refresh] done in 1326ms @ http://localhost:3000/_next/static/chunks/node_modules_next_dist_1e8vcs8._.js:776
[  396465ms] [LOG] [Fast Refresh] done in 1326ms @ http://localhost:3000/_next/static/chunks/node_modules_next_dist_1e8vcs8._.js:776
[  396529ms] [LOG] [Fast Refresh] done in 1326ms @ http://localhost:3000/_next/static/chunks/node_modules_next_dist_1e8vcs8._.js:776
[  396593ms] [LOG] [Fast Refresh] done in 1326ms @ http://localhost:3000/_next/static/chunks/node_modules_next_dist_1e8vcs8._.js:776
[  396654ms] [LOG] [Fast Refresh] done in 1326ms @ http://localhost:3000/_next/static/chunks/node_modules_next_dist_1e8vcs8._.js:776
[  396717ms] [LOG] [Fast Refresh] done in 1326ms @ http://localhost:3000/_next/static/chunks/node_modules_next_dist_1e8vcs8._.js:776
[  396782ms] [LOG] [Fast Refresh] done in 1326ms @ http://localhost:3000/_next/static/chunks/node_modules_next_dist_1e8vcs8._.js:776
[  396846ms] [LOG] [Fast Refresh] done in 1326ms @ http://localhost:3000/_next/static/chunks/node_modules_next_dist_1e8vcs8._.js:776
[  396908ms] [LOG] [Fast Refresh] done in 1326ms @ http://localhost:3000/_next/static/chunks/node_modules_next_dist_1e8vcs8._.js:776
[  396970ms] [LOG] [Fast Refresh] done in 1326ms @ http://localhost:3000/_next/static/chunks/node_modules_next_dist_1e8vcs8._.js:776
[  397032ms] [LOG] [Fast Refresh] done in 1326ms @ http://localhost:3000/_next/static/chunks/node_modules_next_dist_1e8vcs8._.js:776
[  397096ms] [LOG] [Fast Refresh] done in 1326ms @ http://localhost:3000/_next/static/chunks/node_modules_next_dist_1e8vcs8._.js:776
[  397159ms] [LOG] [Fast Refresh] done in 1326ms @ http://localhost:3000/_next/static/chunks/node_modules_next_dist_1e8vcs8._.js:776
[  397223ms] [LOG] [Fast Refresh] done in 1326ms @ http://localhost:3000/_next/static/chunks/node_modules_next_dist_1e8vcs8._.js:776
[  397286ms] [LOG] [Fast Refresh] done in 1326ms @ http://localhost:3000/_next/static/chunks/node_modules_next_dist_1e8vcs8._.js:776
[  397350ms] [LOG] [Fast Refresh] done in 1326ms @ http://localhost:3000/_next/static/chunks/node_modules_next_dist_1e8vcs8._.js:776
[  397414ms] [LOG] [Fast Refresh] done in 1326ms @ http://localhost:3000/_next/static/chunks/node_modules_next_dist_1e8vcs8._.js:776
[  397475ms] [LOG] [Fast Refresh] done in 1326ms @ http://localhost:3000/_next/static/chunks/node_modules_next_dist_1e8vcs8._.js:776
[  397538ms] [LOG] [Fast Refresh] done in 1326ms @ http://localhost:3000/_next/static/chunks/node_modules_next_dist_1e8vcs8._.js:776
[  397601ms] [LOG] [Fast Refresh] done in 1326ms @ http://localhost:3000/_next/static/chunks/node_modules_next_dist_1e8vcs8._.js:776
[  397664ms] [LOG] [Fast Refresh] done in 1326ms @ http://localhost:3000/_next/static/chunks/node_modules_next_dist_1e8vcs8._.js:776
[  397728ms] [LOG] [Fast Refresh] done in 1326ms @ http://localhost:3000/_next/static/chunks/node_modules_next_dist_1e8vcs8._.js:776
[  397791ms] [LOG] [Fast Refresh] done in 1326ms @ http://localhost:3000/_next/static/chunks/node_modules_next_dist_1e8vcs8._.js:776
[  397855ms] [LOG] [Fast Refresh] done in 1326ms @ http://localhost:3000/_next/static/chunks/node_modules_next_dist_1e8vcs8._.js:776
[  397916ms] [LOG] [Fast Refresh] done in 1326ms @ http://localhost:3000/_next/static/chunks/node_modules_next_dist_1e8vcs8._.js:776
[  397980ms] [LOG] [Fast Refresh] done in 1326ms @ http://localhost:3000/_next/static/chunks/node_modules_next_dist_1e8vcs8._.js:776
[  398044ms] [LOG] [Fast Refresh] done in 1326ms @ http://localhost:3000/_next/static/chunks/node_modules_next_dist_1e8vcs8._.js:776
[  398109ms] [LOG] [Fast Refresh] done in 1326ms @ http://localhost:3000/_next/static/chunks/node_modules_next_dist_1e8vcs8._.js:776
[  398171ms] [LOG] [Fast Refresh] done in 1326ms @ http://localhost:3000/_next/static/chunks/node_modules_next_dist_1e8vcs8._.js:776
[  398235ms] [LOG] [Fast Refresh] done in 1326ms @ http://localhost:3000/_next/static/chunks/node_modules_next_dist_1e8vcs8._.js:776
[  398298ms] [LOG] [Fast Refresh] done in 1326ms @ http://localhost:3000/_next/static/chunks/node_modules_next_dist_1e8vcs8._.js:776
[  398361ms] [LOG] [Fast Refresh] done in 1326ms @ http://localhost:3000/_next/static/chunks/node_modules_next_dist_1e8vcs8._.js:776
[  398423ms] [LOG] [Fast Refresh] done in 1326ms @ http://localhost:3000/_next/static/chunks/node_modules_next_dist_1e8vcs8._.js:776
[  398489ms] [LOG] [Fast Refresh] done in 1326ms @ http://localhost:3000/_next/static/chunks/node_modules_next_dist_1e8vcs8._.js:776
[  398553ms] [LOG] [Fast Refresh] done in 1326ms @ http://localhost:3000/_next/static/chunks/node_modules_next_dist_1e8vcs8._.js:776
[  398615ms] [LOG] [Fast Refresh] done in 1326ms @ http://localhost:3000/_next/static/chunks/node_modules_next_dist_1e8vcs8._.js:776
[  398678ms] [LOG] [Fast Refresh] done in 1326ms @ http://localhost:3000/_next/static/chunks/node_modules_next_dist_1e8vcs8._.js:776
[  398741ms] [LOG] [Fast Refresh] done in 1326ms @ http://localhost:3000/_next/static/chunks/node_modules_next_dist_1e8vcs8._.js:776
[  398805ms] [LOG] [Fast Refresh] done in 1326ms @ http://localhost:3000/_next/static/chunks/node_modules_next_dist_1e8vcs8._.js:776
[  398868ms] [LOG] [Fast Refresh] done in 1326ms @ http://localhost:3000/_next/static/chunks/node_modules_next_dist_1e8vcs8._.js:776
[  398931ms] [LOG] [Fast Refresh] done in 1326ms @ http://localhost:3000/_next/static/chunks/node_modules_next_dist_1e8vcs8._.js:776
[  398995ms] [LOG] [Fast Refresh] done in 1326ms @ http://localhost:3000/_next/static/chunks/node_modules_next_dist_1e8vcs8._.js:776
[  399059ms] [LOG] [Fast Refresh] done in 1326ms @ http://localhost:3000/_next/static/chunks/node_modules_next_dist_1e8vcs8._.js:776
[  399121ms] [LOG] [Fast Refresh] done in 1326ms @ http://localhost:3000/_next/static/chunks/node_modules_next_dist_1e8vcs8._.js:776
[  399184ms] [LOG] [Fast Refresh] done in 1326ms @ http://localhost:3000/_next/static/chunks/node_modules_next_dist_1e8vcs8._.js:776
[  399247ms] [LOG] [Fast Refresh] done in 1326ms @ http://localhost:3000/_next/static/chunks/node_modules_next_dist_1e8vcs8._.js:776
[  399310ms] [LOG] [Fast Refresh] done in 1326ms @ http://localhost:3000/_next/static/chunks/node_modules_next_dist_1e8vcs8._.js:776
[  399374ms] [LOG] [Fast Refresh] done in 1326ms @ http://localhost:3000/_next/static/chunks/node_modules_next_dist_1e8vcs8._.js:776
[  399437ms] [LOG] [Fast Refresh] done in 1326ms @ http://localhost:3000/_next/static/chunks/node_modules_next_dist_1e8vcs8._.js:776
[  399501ms] [LOG] [Fast Refresh] done in 1326ms @ http://localhost:3000/_next/static/chunks/node_modules_next_dist_1e8vcs8._.js:776
[  399566ms] [LOG] [Fast Refresh] done in 1326ms @ http://localhost:3000/_next/static/chunks/node_modules_next_dist_1e8vcs8._.js:776
[  399630ms] [LOG] [Fast Refresh] done in 1326ms @ http://localhost:3000/_next/static/chunks/node_modules_next_dist_1e8vcs8._.js:776
[  399692ms] [LOG] [Fast Refresh] done in 1326ms @ http://localhost:3000/_next/static/chunks/node_modules_next_dist_1e8vcs8._.js:776
[  399756ms] [LOG] [Fast Refresh] done in 1326ms @ http://localhost:3000/_next/static/chunks/node_modules_next_dist_1e8vcs8._.js:776
[  399819ms] [LOG] [Fast Refresh] done in 1326ms @ http://localhost:3000/_next/static/chunks/node_modules_next_dist_1e8vcs8._.js:776
[  399882ms] [LOG] [Fast Refresh] done in 1326ms @ http://localhost:3000/_next/static/chunks/node_modules_next_dist_1e8vcs8._.js:776
[  399945ms] [LOG] [Fast Refresh] done in 1326ms @ http://localhost:3000/_next/static/chunks/node_modules_next_dist_1e8vcs8._.js:776
[  400010ms] [LOG] [Fast Refresh] done in 1326ms @ http://localhost:3000/_next/static/chunks/node_modules_next_dist_1e8vcs8._.js:776
[  400072ms] [LOG] [Fast Refresh] done in 1326ms @ http://localhost:3000/_next/static/chunks/node_modules_next_dist_1e8vcs8._.js:776
[  400135ms] [LOG] [Fast Refresh] done in 1326ms @ http://localhost:3000/_next/static/chunks/node_modules_next_dist_1e8vcs8._.js:776
[  400198ms] [LOG] [Fast Refresh] done in 1326ms @ http://localhost:3000/_next/static/chunks/node_modules_next_dist_1e8vcs8._.js:776
[  400263ms] [LOG] [Fast Refresh] done in 1326ms @ http://localhost:3000/_next/static/chunks/node_modules_next_dist_1e8vcs8._.js:776
[  400327ms] [LOG] [Fast Refresh] done in 1326ms @ http://localhost:3000/_next/static/chunks/node_modules_next_dist_1e8vcs8._.js:776
[  400391ms] [LOG] [Fast Refresh] done in 1326ms @ http://localhost:3000/_next/static/chunks/node_modules_next_dist_1e8vcs8._.js:776
[  400454ms] [LOG] [Fast Refresh] done in 1326ms @ http://localhost:3000/_next/static/chunks/node_modules_next_dist_1e8vcs8._.js:776
[  400522ms] [LOG] [Fast Refresh] done in 1326ms @ http://localhost:3000/_next/static/chunks/node_modules_next_dist_1e8vcs8._.js:776
[  400585ms] [LOG] [Fast Refresh] done in 1326ms @ http://localhost:3000/_next/static/chunks/node_modules_next_dist_1e8vcs8._.js:776
[  400649ms] [LOG] [Fast Refresh] done in 1326ms @ http://localhost:3000/_next/static/chunks/node_modules_next_dist_1e8vcs8._.js:776
[  400714ms] [LOG] [Fast Refresh] done in 1326ms @ http://localhost:3000/_next/static/chunks/node_modules_next_dist_1e8vcs8._.js:776
[  400776ms] [LOG] [Fast Refresh] done in 1326ms @ http://localhost:3000/_next/static/chunks/node_modules_next_dist_1e8vcs8._.js:776
[  400837ms] [LOG] [Fast Refresh] done in 1326ms @ http://localhost:3000/_next/static/chunks/node_modules_next_dist_1e8vcs8._.js:776
[  400903ms] [LOG] [Fast Refresh] done in 1326ms @ http://localhost:3000/_next/static/chunks/node_modules_next_dist_1e8vcs8._.js:776
[  400965ms] [LOG] [Fast Refresh] done in 1326ms @ http://localhost:3000/_next/static/chunks/node_modules_next_dist_1e8vcs8._.js:776
[  401028ms] [LOG] [Fast Refresh] done in 1326ms @ http://localhost:3000/_next/static/chunks/node_modules_next_dist_1e8vcs8._.js:776
[  401092ms] [LOG] [Fast Refresh] done in 1326ms @ http://localhost:3000/_next/static/chunks/node_modules_next_dist_1e8vcs8._.js:776
[  401156ms] [LOG] [Fast Refresh] done in 1326ms @ http://localhost:3000/_next/static/chunks/node_modules_next_dist_1e8vcs8._.js:776
[  401218ms] [LOG] [Fast Refresh] done in 1326ms @ http://localhost:3000/_next/static/chunks/node_modules_next_dist_1e8vcs8._.js:776
[  401281ms] [LOG] [Fast Refresh] done in 1326ms @ http://localhost:3000/_next/static/chunks/node_modules_next_dist_1e8vcs8._.js:776
[  401345ms] [LOG] [Fast Refresh] done in 1326ms @ http://localhost:3000/_next/static/chunks/node_modules_next_dist_1e8vcs8._.js:776
[  401407ms] [LOG] [Fast Refresh] done in 1326ms @ http://localhost:3000/_next/static/chunks/node_modules_next_dist_1e8vcs8._.js:776
[  401469ms] [LOG] [Fast Refresh] done in 1326ms @ http://localhost:3000/_next/static/chunks/node_modules_next_dist_1e8vcs8._.js:776
[  401532ms] [LOG] [Fast Refresh] done in 1326ms @ http://localhost:3000/_next/static/chunks/node_modules_next_dist_1e8vcs8._.js:776
[  401596ms] [LOG] [Fast Refresh] done in 1326ms @ http://localhost:3000/_next/static/chunks/node_modules_next_dist_1e8vcs8._.js:776
[  401660ms] [LOG] [Fast Refresh] done in 1326ms @ http://localhost:3000/_next/static/chunks/node_modules_next_dist_1e8vcs8._.js:776
[  401724ms] [LOG] [Fast Refresh] done in 1326ms @ http://localhost:3000/_next/static/chunks/node_modules_next_dist_1e8vcs8._.js:776
[  401786ms] [LOG] [Fast Refresh] done in 1326ms @ http://localhost:3000/_next/static/chunks/node_modules_next_dist_1e8vcs8._.js:776
[  401850ms] [LOG] [Fast Refresh] done in 1326ms @ http://localhost:3000/_next/static/chunks/node_modules_next_dist_1e8vcs8._.js:776
[  401915ms] [LOG] [Fast Refresh] done in 1326ms @ http://localhost:3000/_next/static/chunks/node_modules_next_dist_1e8vcs8._.js:776
[  401980ms] [LOG] [Fast Refresh] done in 1326ms @ http://localhost:3000/_next/static/chunks/node_modules_next_dist_1e8vcs8._.js:776
[  402044ms] [LOG] [Fast Refresh] done in 1326ms @ http://localhost:3000/_next/static/chunks/node_modules_next_dist_1e8vcs8._.js:776
[  402107ms] [LOG] [Fast Refresh] done in 1326ms @ http://localhost:3000/_next/static/chunks/node_modules_next_dist_1e8vcs8._.js:776
[  402172ms] [LOG] [Fast Refresh] done in 1326ms @ http://localhost:3000/_next/static/chunks/node_modules_next_dist_1e8vcs8._.js:776
[  402236ms] [LOG] [Fast Refresh] done in 1326ms @ http://localhost:3000/_next/static/chunks/node_modules_next_dist_1e8vcs8._.js:776
[  402301ms] [LOG] [Fast Refresh] done in 1326ms @ http://localhost:3000/_next/static/chunks/node_modules_next_dist_1e8vcs8._.js:776
[  402365ms] [LOG] [Fast Refresh] done in 1326ms @ http://localhost:3000/_next/static/chunks/node_modules_next_dist_1e8vcs8._.js:776
[  402428ms] [LOG] [Fast Refresh] done in 1326ms @ http://localhost:3000/_next/static/chunks/node_modules_next_dist_1e8vcs8._.js:776
[  402492ms] [LOG] [Fast Refresh] done in 1326ms @ http://localhost:3000/_next/static/chunks/node_modules_next_dist_1e8vcs8._.js:776
[  402557ms] [LOG] [Fast Refresh] done in 1326ms @ http://localhost:3000/_next/static/chunks/node_modules_next_dist_1e8vcs8._.js:776
[  402620ms] [LOG] [Fast Refresh] done in 1326ms @ http://localhost:3000/_next/static/chunks/node_modules_next_dist_1e8vcs8._.js:776
[  402682ms] [LOG] [Fast Refresh] done in 1326ms @ http://localhost:3000/_next/static/chunks/node_modules_next_dist_1e8vcs8._.js:776
[  402744ms] [LOG] [Fast Refresh] done in 1326ms @ http://localhost:3000/_next/static/chunks/node_modules_next_dist_1e8vcs8._.js:776
[  402807ms] [LOG] [Fast Refresh] done in 1326ms @ http://localhost:3000/_next/static/chunks/node_modules_next_dist_1e8vcs8._.js:776
[  402872ms] [LOG] [Fast Refresh] done in 1326ms @ http://localhost:3000/_next/static/chunks/node_modules_next_dist_1e8vcs8._.js:776
[  402938ms] [LOG] [Fast Refresh] done in 1326ms @ http://localhost:3000/_next/static/chunks/node_modules_next_dist_1e8vcs8._.js:776
[  402998ms] [LOG] [Fast Refresh] done in 1326ms @ http://localhost:3000/_next/static/chunks/node_modules_next_dist_1e8vcs8._.js:776
[  403061ms] [LOG] [Fast Refresh] done in 1326ms @ http://localhost:3000/_next/static/chunks/node_modules_next_dist_1e8vcs8._.js:776
[  403126ms] [LOG] [Fast Refresh] done in 1326ms @ http://localhost:3000/_next/static/chunks/node_modules_next_dist_1e8vcs8._.js:776
[  403189ms] [LOG] [Fast Refresh] done in 1326ms @ http://localhost:3000/_next/static/chunks/node_modules_next_dist_1e8vcs8._.js:776
[  403253ms] [LOG] [Fast Refresh] done in 1326ms @ http://localhost:3000/_next/static/chunks/node_modules_next_dist_1e8vcs8._.js:776
[  403322ms] [LOG] [Fast Refresh] done in 1326ms @ http://localhost:3000/_next/static/chunks/node_modules_next_dist_1e8vcs8._.js:776
[  403380ms] [LOG] [Fast Refresh] done in 1326ms @ http://localhost:3000/_next/static/chunks/node_modules_next_dist_1e8vcs8._.js:776
[  403443ms] [LOG] [Fast Refresh] done in 1326ms @ http://localhost:3000/_next/static/chunks/node_modules_next_dist_1e8vcs8._.js:776
[  403506ms] [LOG] [Fast Refresh] done in 1326ms @ http://localhost:3000/_next/static/chunks/node_modules_next_dist_1e8vcs8._.js:776
[  403572ms] [LOG] [Fast Refresh] done in 1326ms @ http://localhost:3000/_next/static/chunks/node_modules_next_dist_1e8vcs8._.js:776
[  403633ms] [LOG] [Fast Refresh] done in 1326ms @ http://localhost:3000/_next/static/chunks/node_modules_next_dist_1e8vcs8._.js:776
[  403699ms] [LOG] [Fast Refresh] done in 1326ms @ http://localhost:3000/_next/static/chunks/node_modules_next_dist_1e8vcs8._.js:776
[  403759ms] [LOG] [Fast Refresh] done in 1326ms @ http://localhost:3000/_next/static/chunks/node_modules_next_dist_1e8vcs8._.js:776
[  403822ms] [LOG] [Fast Refresh] done in 1326ms @ http://localhost:3000/_next/static/chunks/node_modules_next_dist_1e8vcs8._.js:776
[  403891ms] [LOG] [Fast Refresh] done in 1326ms @ http://localhost:3000/_next/static/chunks/node_modules_next_dist_1e8vcs8._.js:776
[  403949ms] [LOG] [Fast Refresh] done in 1326ms @ http://localhost:3000/_next/static/chunks/node_modules_next_dist_1e8vcs8._.js:776
[  404013ms] [LOG] [Fast Refresh] done in 1326ms @ http://localhost:3000/_next/static/chunks/node_modules_next_dist_1e8vcs8._.js:776
[  404075ms] [LOG] [Fast Refresh] done in 1326ms @ http://localhost:3000/_next/static/chunks/node_modules_next_dist_1e8vcs8._.js:776
[  404139ms] [LOG] [Fast Refresh] done in 1326ms @ http://localhost:3000/_next/static/chunks/node_modules_next_dist_1e8vcs8._.js:776
[  404203ms] [LOG] [Fast Refresh] done in 1326ms @ http://localhost:3000/_next/static/chunks/node_modules_next_dist_1e8vcs8._.js:776
[  404265ms] [LOG] [Fast Refresh] done in 1326ms @ http://localhost:3000/_next/static/chunks/node_modules_next_dist_1e8vcs8._.js:776
[  404329ms] [LOG] [Fast Refresh] done in 1326ms @ http://localhost:3000/_next/static/chunks/node_modules_next_dist_1e8vcs8._.js:776
[  404393ms] [LOG] [Fast Refresh] done in 1326ms @ http://localhost:3000/_next/static/chunks/node_modules_next_dist_1e8vcs8._.js:776
[  404454ms] [LOG] [Fast Refresh] done in 1326ms @ http://localhost:3000/_next/static/chunks/node_modules_next_dist_1e8vcs8._.js:776
[  404518ms] [LOG] [Fast Refresh] done in 1326ms @ http://localhost:3000/_next/static/chunks/node_modules_next_dist_1e8vcs8._.js:776
[  404583ms] [LOG] [Fast Refresh] done in 1326ms @ http://localhost:3000/_next/static/chunks/node_modules_next_dist_1e8vcs8._.js:776
[  404649ms] [LOG] [Fast Refresh] done in 1326ms @ http://localhost:3000/_next/static/chunks/node_modules_next_dist_1e8vcs8._.js:776
[  404710ms] [LOG] [Fast Refresh] done in 1326ms @ http://localhost:3000/_next/static/chunks/node_modules_next_dist_1e8vcs8._.js:776
[  404774ms] [LOG] [Fast Refresh] done in 1326ms @ http://localhost:3000/_next/static/chunks/node_modules_next_dist_1e8vcs8._.js:776
[  404839ms] [LOG] [Fast Refresh] done in 1326ms @ http://localhost:3000/_next/static/chunks/node_modules_next_dist_1e8vcs8._.js:776
[  404904ms] [LOG] [Fast Refresh] done in 1326ms @ http://localhost:3000/_next/static/chunks/node_modules_next_dist_1e8vcs8._.js:776
[  404968ms] [LOG] [Fast Refresh] done in 1326ms @ http://localhost:3000/_next/static/chunks/node_modules_next_dist_1e8vcs8._.js:776
[  405033ms] [LOG] [Fast Refresh] done in 1326ms @ http://localhost:3000/_next/static/chunks/node_modules_next_dist_1e8vcs8._.js:776
[  405098ms] [LOG] [Fast Refresh] done in 1326ms @ http://localhost:3000/_next/static/chunks/node_modules_next_dist_1e8vcs8._.js:776
[  405162ms] [LOG] [Fast Refresh] done in 1326ms @ http://localhost:3000/_next/static/chunks/node_modules_next_dist_1e8vcs8._.js:776
[  405223ms] [LOG] [Fast Refresh] done in 1326ms @ http://localhost:3000/_next/static/chunks/node_modules_next_dist_1e8vcs8._.js:776
[  405292ms] [LOG] [Fast Refresh] done in 1326ms @ http://localhost:3000/_next/static/chunks/node_modules_next_dist_1e8vcs8._.js:776
[  405352ms] [LOG] [Fast Refresh] done in 1326ms @ http://localhost:3000/_next/static/chunks/node_modules_next_dist_1e8vcs8._.js:776
[  405416ms] [LOG] [Fast Refresh] done in 1326ms @ http://localhost:3000/_next/static/chunks/node_modules_next_dist_1e8vcs8._.js:776
[  405482ms] [LOG] [Fast Refresh] done in 1326ms @ http://localhost:3000/_next/static/chunks/node_modules_next_dist_1e8vcs8._.js:776
[  405546ms] [LOG] [Fast Refresh] done in 1326ms @ http://localhost:3000/_next/static/chunks/node_modules_next_dist_1e8vcs8._.js:776
[  405609ms] [LOG] [Fast Refresh] done in 1326ms @ http://localhost:3000/_next/static/chunks/node_modules_next_dist_1e8vcs8._.js:776
[  405673ms] [LOG] [Fast Refresh] done in 1326ms @ http://localhost:3000/_next/static/chunks/node_modules_next_dist_1e8vcs8._.js:776
[  405738ms] [LOG] [Fast Refresh] done in 1326ms @ http://localhost:3000/_next/static/chunks/node_modules_next_dist_1e8vcs8._.js:776
[  405804ms] [LOG] [Fast Refresh] done in 1326ms @ http://localhost:3000/_next/static/chunks/node_modules_next_dist_1e8vcs8._.js:776
[  405866ms] [LOG] [Fast Refresh] done in 1326ms @ http://localhost:3000/_next/static/chunks/node_modules_next_dist_1e8vcs8._.js:776
[  405929ms] [LOG] [Fast Refresh] done in 1326ms @ http://localhost:3000/_next/static/chunks/node_modules_next_dist_1e8vcs8._.js:776
[  405990ms] [LOG] [Fast Refresh] done in 1326ms @ http://localhost:3000/_next/static/chunks/node_modules_next_dist_1e8vcs8._.js:776
[  406051ms] [LOG] [Fast Refresh] done in 1326ms @ http://localhost:3000/_next/static/chunks/node_modules_next_dist_1e8vcs8._.js:776
[  406118ms] [LOG] [Fast Refresh] done in 1326ms @ http://localhost:3000/_next/static/chunks/node_modules_next_dist_1e8vcs8._.js:776
[  406178ms] [LOG] [Fast Refresh] done in 1326ms @ http://localhost:3000/_next/static/chunks/node_modules_next_dist_1e8vcs8._.js:776
[  406245ms] [LOG] [Fast Refresh] done in 1326ms @ http://localhost:3000/_next/static/chunks/node_modules_next_dist_1e8vcs8._.js:776
[  406308ms] [LOG] [Fast Refresh] done in 1326ms @ http://localhost:3000/_next/static/chunks/node_modules_next_dist_1e8vcs8._.js:776
[  406371ms] [LOG] [Fast Refresh] done in 1326ms @ http://localhost:3000/_next/static/chunks/node_modules_next_dist_1e8vcs8._.js:776
[  406435ms] [LOG] [Fast Refresh] done in 1326ms @ http://localhost:3000/_next/static/chunks/node_modules_next_dist_1e8vcs8._.js:776
[  406498ms] [LOG] [Fast Refresh] done in 1326ms @ http://localhost:3000/_next/static/chunks/node_modules_next_dist_1e8vcs8._.js:776
[  406564ms] [LOG] [Fast Refresh] done in 1326ms @ http://localhost:3000/_next/static/chunks/node_modules_next_dist_1e8vcs8._.js:776
[  406629ms] [LOG] [Fast Refresh] done in 1326ms @ http://localhost:3000/_next/static/chunks/node_modules_next_dist_1e8vcs8._.js:776
[  406691ms] [LOG] [Fast Refresh] done in 1326ms @ http://localhost:3000/_next/static/chunks/node_modules_next_dist_1e8vcs8._.js:776
[  406753ms] [LOG] [Fast Refresh] done in 1326ms @ http://localhost:3000/_next/static/chunks/node_modules_next_dist_1e8vcs8._.js:776
[  406816ms] [LOG] [Fast Refresh] done in 1326ms @ http://localhost:3000/_next/static/chunks/node_modules_next_dist_1e8vcs8._.js:776
[  406878ms] [LOG] [Fast Refresh] done in 1326ms @ http://localhost:3000/_next/static/chunks/node_modules_next_dist_1e8vcs8._.js:776
[  406943ms] [LOG] [Fast Refresh] done in 1326ms @ http://localhost:3000/_next/static/chunks/node_modules_next_dist_1e8vcs8._.js:776
[  407005ms] [LOG] [Fast Refresh] done in 1326ms @ http://localhost:3000/_next/static/chunks/node_modules_next_dist_1e8vcs8._.js:776
[  407069ms] [LOG] [Fast Refresh] done in 1326ms @ http://localhost:3000/_next/static/chunks/node_modules_next_dist_1e8vcs8._.js:776
[  407131ms] [LOG] [Fast Refresh] done in 1326ms @ http://localhost:3000/_next/static/chunks/node_modules_next_dist_1e8vcs8._.js:776
[  407195ms] [LOG] [Fast Refresh] done in 1326ms @ http://localhost:3000/_next/static/chunks/node_modules_next_dist_1e8vcs8._.js:776
[  407255ms] [LOG] [Fast Refresh] done in 1326ms @ http://localhost:3000/_next/static/chunks/node_modules_next_dist_1e8vcs8._.js:776
[  407318ms] [LOG] [Fast Refresh] done in 1326ms @ http://localhost:3000/_next/static/chunks/node_modules_next_dist_1e8vcs8._.js:776
[  407385ms] [LOG] [Fast Refresh] done in 1326ms @ http://localhost:3000/_next/static/chunks/node_modules_next_dist_1e8vcs8._.js:776
[  407445ms] [LOG] [Fast Refresh] done in 1326ms @ http://localhost:3000/_next/static/chunks/node_modules_next_dist_1e8vcs8._.js:776
[  407508ms] [LOG] [Fast Refresh] done in 1326ms @ http://localhost:3000/_next/static/chunks/node_modules_next_dist_1e8vcs8._.js:776
[  407573ms] [LOG] [Fast Refresh] done in 1326ms @ http://localhost:3000/_next/static/chunks/node_modules_next_dist_1e8vcs8._.js:776
[  407637ms] [LOG] [Fast Refresh] done in 1326ms @ http://localhost:3000/_next/static/chunks/node_modules_next_dist_1e8vcs8._.js:776
[  407699ms] [LOG] [Fast Refresh] done in 1326ms @ http://localhost:3000/_next/static/chunks/node_modules_next_dist_1e8vcs8._.js:776
[  407764ms] [LOG] [Fast Refresh] done in 1326ms @ http://localhost:3000/_next/static/chunks/node_modules_next_dist_1e8vcs8._.js:776
[  407831ms] [LOG] [Fast Refresh] done in 1326ms @ http://localhost:3000/_next/static/chunks/node_modules_next_dist_1e8vcs8._.js:776
[  407894ms] [LOG] [Fast Refresh] done in 1326ms @ http://localhost:3000/_next/static/chunks/node_modules_next_dist_1e8vcs8._.js:776
[  407958ms] [LOG] [Fast Refresh] done in 1326ms @ http://localhost:3000/_next/static/chunks/node_modules_next_dist_1e8vcs8._.js:776
[  408021ms] [LOG] [Fast Refresh] done in 1326ms @ http://localhost:3000/_next/static/chunks/node_modules_next_dist_1e8vcs8._.js:776
[  408085ms] [LOG] [Fast Refresh] done in 1326ms @ http://localhost:3000/_next/static/chunks/node_modules_next_dist_1e8vcs8._.js:776
[  408149ms] [LOG] [Fast Refresh] done in 1326ms @ http://localhost:3000/_next/static/chunks/node_modules_next_dist_1e8vcs8._.js:776
[  408206ms] [LOG] [Fast Refresh] done in 1326ms @ http://localhost:3000/_next/static/chunks/node_modules_next_dist_1e8vcs8._.js:776
[  408267ms] [LOG] [Fast Refresh] done in 1326ms @ http://localhost:3000/_next/static/chunks/node_modules_next_dist_1e8vcs8._.js:776
[  408329ms] [LOG] [Fast Refresh] done in 1326ms @ http://localhost:3000/_next/static/chunks/node_modules_next_dist_1e8vcs8._.js:776
[  408396ms] [LOG] [Fast Refresh] done in 1326ms @ http://localhost:3000/_next/static/chunks/node_modules_next_dist_1e8vcs8._.js:776
[  408458ms] [LOG] [Fast Refresh] done in 1326ms @ http://localhost:3000/_next/static/chunks/node_modules_next_dist_1e8vcs8._.js:776
[  408523ms] [LOG] [Fast Refresh] done in 1326ms @ http://localhost:3000/_next/static/chunks/node_modules_next_dist_1e8vcs8._.js:776
[  408586ms] [LOG] [Fast Refresh] done in 1326ms @ http://localhost:3000/_next/static/chunks/node_modules_next_dist_1e8vcs8._.js:776
[  408651ms] [LOG] [Fast Refresh] done in 1326ms @ http://localhost:3000/_next/static/chunks/node_modules_next_dist_1e8vcs8._.js:776
[  408714ms] [LOG] [Fast Refresh] done in 1326ms @ http://localhost:3000/_next/static/chunks/node_modules_next_dist_1e8vcs8._.js:776
[  408779ms] [LOG] [Fast Refresh] done in 1326ms @ http://localhost:3000/_next/static/chunks/node_modules_next_dist_1e8vcs8._.js:776
[  408843ms] [LOG] [Fast Refresh] done in 1326ms @ http://localhost:3000/_next/static/chunks/node_modules_next_dist_1e8vcs8._.js:776
[  408907ms] [LOG] [Fast Refresh] done in 1326ms @ http://localhost:3000/_next/static/chunks/node_modules_next_dist_1e8vcs8._.js:776
[  408969ms] [LOG] [Fast Refresh] done in 1326ms @ http://localhost:3000/_next/static/chunks/node_modules_next_dist_1e8vcs8._.js:776
[  409034ms] [LOG] [Fast Refresh] done in 1326ms @ http://localhost:3000/_next/static/chunks/node_modules_next_dist_1e8vcs8._.js:776
[  409096ms] [LOG] [Fast Refresh] done in 1326ms @ http://localhost:3000/_next/static/chunks/node_modules_next_dist_1e8vcs8._.js:776
[  409160ms] [LOG] [Fast Refresh] done in 1326ms @ http://localhost:3000/_next/static/chunks/node_modules_next_dist_1e8vcs8._.js:776
[  409226ms] [LOG] [Fast Refresh] done in 1326ms @ http://localhost:3000/_next/static/chunks/node_modules_next_dist_1e8vcs8._.js:776
[  409288ms] [LOG] [Fast Refresh] done in 1326ms @ http://localhost:3000/_next/static/chunks/node_modules_next_dist_1e8vcs8._.js:776
[  409353ms] [LOG] [Fast Refresh] done in 1326ms @ http://localhost:3000/_next/static/chunks/node_modules_next_dist_1e8vcs8._.js:776
[  409415ms] [LOG] [Fast Refresh] done in 1326ms @ http://localhost:3000/_next/static/chunks/node_modules_next_dist_1e8vcs8._.js:776
[  409479ms] [LOG] [Fast Refresh] done in 1326ms @ http://localhost:3000/_next/static/chunks/node_modules_next_dist_1e8vcs8._.js:776
[  409543ms] [LOG] [Fast Refresh] done in 1326ms @ http://localhost:3000/_next/static/chunks/node_modules_next_dist_1e8vcs8._.js:776
[  409608ms] [LOG] [Fast Refresh] done in 1326ms @ http://localhost:3000/_next/static/chunks/node_modules_next_dist_1e8vcs8._.js:776
[  409671ms] [LOG] [Fast Refresh] done in 1326ms @ http://localhost:3000/_next/static/chunks/node_modules_next_dist_1e8vcs8._.js:776
[  409732ms] [LOG] [Fast Refresh] done in 1326ms @ http://localhost:3000/_next/static/chunks/node_modules_next_dist_1e8vcs8._.js:776
[  409795ms] [LOG] [Fast Refresh] done in 1326ms @ http://localhost:3000/_next/static/chunks/node_modules_next_dist_1e8vcs8._.js:776
[  409858ms] [LOG] [Fast Refresh] done in 1326ms @ http://localhost:3000/_next/static/chunks/node_modules_next_dist_1e8vcs8._.js:776
[  409920ms] [LOG] [Fast Refresh] done in 1326ms @ http://localhost:3000/_next/static/chunks/node_modules_next_dist_1e8vcs8._.js:776
[  409985ms] [LOG] [Fast Refresh] done in 1326ms @ http://localhost:3000/_next/static/chunks/node_modules_next_dist_1e8vcs8._.js:776
[  410047ms] [LOG] [Fast Refresh] done in 1326ms @ http://localhost:3000/_next/static/chunks/node_modules_next_dist_1e8vcs8._.js:776
[  410108ms] [LOG] [Fast Refresh] done in 1326ms @ http://localhost:3000/_next/static/chunks/node_modules_next_dist_1e8vcs8._.js:776
[  410175ms] [LOG] [Fast Refresh] done in 1326ms @ http://localhost:3000/_next/static/chunks/node_modules_next_dist_1e8vcs8._.js:776
[  410235ms] [LOG] [Fast Refresh] done in 1326ms @ http://localhost:3000/_next/static/chunks/node_modules_next_dist_1e8vcs8._.js:776
[  410298ms] [LOG] [Fast Refresh] done in 1326ms @ http://localhost:3000/_next/static/chunks/node_modules_next_dist_1e8vcs8._.js:776
[  410361ms] [LOG] [Fast Refresh] done in 1326ms @ http://localhost:3000/_next/static/chunks/node_modules_next_dist_1e8vcs8._.js:776
[  410425ms] [LOG] [Fast Refresh] done in 1326ms @ http://localhost:3000/_next/static/chunks/node_modules_next_dist_1e8vcs8._.js:776
[  410488ms] [LOG] [Fast Refresh] done in 1326ms @ http://localhost:3000/_next/static/chunks/node_modules_next_dist_1e8vcs8._.js:776
[  410563ms] [LOG] [Fast Refresh] done in 1326ms @ http://localhost:3000/_next/static/chunks/node_modules_next_dist_1e8vcs8._.js:776
[  411145ms] [LOG] [Fast Refresh] rebuilding @ http://localhost:3000/_next/static/chunks/node_modules_next_dist_1e8vcs8._.js:776
[  412474ms] [LOG] [Fast Refresh] done in 1268ms @ http://localhost:3000/_next/static/chunks/node_modules_next_dist_1e8vcs8._.js:776
[  412533ms] [LOG] [Fast Refresh] done in 1268ms @ http://localhost:3000/_next/static/chunks/node_modules_next_dist_1e8vcs8._.js:776
[  412598ms] [LOG] [Fast Refresh] done in 1268ms @ http://localhost:3000/_next/static/chunks/node_modules_next_dist_1e8vcs8._.js:776
[  412660ms] [LOG] [Fast Refresh] done in 1268ms @ http://localhost:3000/_next/static/chunks/node_modules_next_dist_1e8vcs8._.js:776
[  412723ms] [LOG] [Fast Refresh] done in 1268ms @ http://localhost:3000/_next/static/chunks/node_modules_next_dist_1e8vcs8._.js:776
[  412784ms] [LOG] [Fast Refresh] done in 1268ms @ http://localhost:3000/_next/static/chunks/node_modules_next_dist_1e8vcs8._.js:776
[  412847ms] [LOG] [Fast Refresh] done in 1268ms @ http://localhost:3000/_next/static/chunks/node_modules_next_dist_1e8vcs8._.js:776
[  412910ms] [LOG] [Fast Refresh] done in 1268ms @ http://localhost:3000/_next/static/chunks/node_modules_next_dist_1e8vcs8._.js:776
[  412972ms] [LOG] [Fast Refresh] done in 1268ms @ http://localhost:3000/_next/static/chunks/node_modules_next_dist_1e8vcs8._.js:776
[  413036ms] [LOG] [Fast Refresh] done in 1268ms @ http://localhost:3000/_next/static/chunks/node_modules_next_dist_1e8vcs8._.js:776
[  413099ms] [LOG] [Fast Refresh] done in 1268ms @ http://localhost:3000/_next/static/chunks/node_modules_next_dist_1e8vcs8._.js:776
[  413163ms] [LOG] [Fast Refresh] done in 1268ms @ http://localhost:3000/_next/static/chunks/node_modules_next_dist_1e8vcs8._.js:776
[  413226ms] [LOG] [Fast Refresh] done in 1268ms @ http://localhost:3000/_next/static/chunks/node_modules_next_dist_1e8vcs8._.js:776
[  413284ms] [LOG] [Fast Refresh] done in 1268ms @ http://localhost:3000/_next/static/chunks/node_modules_next_dist_1e8vcs8._.js:776
[  413328ms] [LOG] [Fast Refresh] done in 1268ms @ http://localhost:3000/_next/static/chunks/node_modules_next_dist_1e8vcs8._.js:776
[  413387ms] [LOG] [Fast Refresh] done in 1268ms @ http://localhost:3000/_next/static/chunks/node_modules_next_dist_1e8vcs8._.js:776
[  413449ms] [LOG] [Fast Refresh] done in 1268ms @ http://localhost:3000/_next/static/chunks/node_modules_next_dist_1e8vcs8._.js:776
[  413512ms] [LOG] [Fast Refresh] done in 1268ms @ http://localhost:3000/_next/static/chunks/node_modules_next_dist_1e8vcs8._.js:776
[  413576ms] [LOG] [Fast Refresh] done in 1268ms @ http://localhost:3000/_next/static/chunks/node_modules_next_dist_1e8vcs8._.js:776
[  413639ms] [LOG] [Fast Refresh] done in 1268ms @ http://localhost:3000/_next/static/chunks/node_modules_next_dist_1e8vcs8._.js:776
[  413702ms] [LOG] [Fast Refresh] done in 1268ms @ http://localhost:3000/_next/static/chunks/node_modules_next_dist_1e8vcs8._.js:776
[  413765ms] [LOG] [Fast Refresh] done in 1268ms @ http://localhost:3000/_next/static/chunks/node_modules_next_dist_1e8vcs8._.js:776
[  413828ms] [LOG] [Fast Refresh] done in 1268ms @ http://localhost:3000/_next/static/chunks/node_modules_next_dist_1e8vcs8._.js:776
[  413891ms] [LOG] [Fast Refresh] done in 1268ms @ http://localhost:3000/_next/static/chunks/node_modules_next_dist_1e8vcs8._.js:776
[  413954ms] [LOG] [Fast Refresh] done in 1268ms @ http://localhost:3000/_next/static/chunks/node_modules_next_dist_1e8vcs8._.js:776
[  414017ms] [LOG] [Fast Refresh] done in 1268ms @ http://localhost:3000/_next/static/chunks/node_modules_next_dist_1e8vcs8._.js:776
[  414080ms] [LOG] [Fast Refresh] done in 1268ms @ http://localhost:3000/_next/static/chunks/node_modules_next_dist_1e8vcs8._.js:776
[  414143ms] [LOG] [Fast Refresh] done in 1268ms @ http://localhost:3000/_next/static/chunks/node_modules_next_dist_1e8vcs8._.js:776
[  414207ms] [LOG] [Fast Refresh] done in 1268ms @ http://localhost:3000/_next/static/chunks/node_modules_next_dist_1e8vcs8._.js:776
[  414269ms] [LOG] [Fast Refresh] done in 1268ms @ http://localhost:3000/_next/static/chunks/node_modules_next_dist_1e8vcs8._.js:776
[  414325ms] [LOG] [Fast Refresh] done in 1268ms @ http://localhost:3000/_next/static/chunks/node_modules_next_dist_1e8vcs8._.js:776
[  414377ms] [LOG] [Fast Refresh] done in 1268ms @ http://localhost:3000/_next/static/chunks/node_modules_next_dist_1e8vcs8._.js:776
[  414441ms] [LOG] [Fast Refresh] done in 1268ms @ http://localhost:3000/_next/static/chunks/node_modules_next_dist_1e8vcs8._.js:776
[  414505ms] [LOG] [Fast Refresh] done in 1268ms @ http://localhost:3000/_next/static/chunks/node_modules_next_dist_1e8vcs8._.js:776
[  414567ms] [LOG] [Fast Refresh] done in 1268ms @ http://localhost:3000/_next/static/chunks/node_modules_next_dist_1e8vcs8._.js:776
[  414631ms] [LOG] [Fast Refresh] done in 1268ms @ http://localhost:3000/_next/static/chunks/node_modules_next_dist_1e8vcs8._.js:776
[  414694ms] [LOG] [Fast Refresh] done in 1268ms @ http://localhost:3000/_next/static/chunks/node_modules_next_dist_1e8vcs8._.js:776
[  414758ms] [LOG] [Fast Refresh] done in 1268ms @ http://localhost:3000/_next/static/chunks/node_modules_next_dist_1e8vcs8._.js:776
[  414821ms] [LOG] [Fast Refresh] done in 1268ms @ http://localhost:3000/_next/static/chunks/node_modules_next_dist_1e8vcs8._.js:776
[  414884ms] [LOG] [Fast Refresh] done in 1268ms @ http://localhost:3000/_next/static/chunks/node_modules_next_dist_1e8vcs8._.js:776
[  414946ms] [LOG] [Fast Refresh] done in 1268ms @ http://localhost:3000/_next/static/chunks/node_modules_next_dist_1e8vcs8._.js:776
[  415009ms] [LOG] [Fast Refresh] done in 1268ms @ http://localhost:3000/_next/static/chunks/node_modules_next_dist_1e8vcs8._.js:776
[  415072ms] [LOG] [Fast Refresh] done in 1268ms @ http://localhost:3000/_next/static/chunks/node_modules_next_dist_1e8vcs8._.js:776
[  415135ms] [LOG] [Fast Refresh] done in 1268ms @ http://localhost:3000/_next/static/chunks/node_modules_next_dist_1e8vcs8._.js:776
[  415198ms] [LOG] [Fast Refresh] done in 1268ms @ http://localhost:3000/_next/static/chunks/node_modules_next_dist_1e8vcs8._.js:776
[  415260ms] [LOG] [Fast Refresh] done in 1268ms @ http://localhost:3000/_next/static/chunks/node_modules_next_dist_1e8vcs8._.js:776
[  415323ms] [LOG] [Fast Refresh] done in 1268ms @ http://localhost:3000/_next/static/chunks/node_modules_next_dist_1e8vcs8._.js:776
[  415380ms] [LOG] [Fast Refresh] done in 1268ms @ http://localhost:3000/_next/static/chunks/node_modules_next_dist_1e8vcs8._.js:776
[  415443ms] [LOG] [Fast Refresh] done in 1268ms @ http://localhost:3000/_next/static/chunks/node_modules_next_dist_1e8vcs8._.js:776
[  415506ms] [LOG] [Fast Refresh] done in 1268ms @ http://localhost:3000/_next/static/chunks/node_modules_next_dist_1e8vcs8._.js:776
[  415570ms] [LOG] [Fast Refresh] done in 1268ms @ http://localhost:3000/_next/static/chunks/node_modules_next_dist_1e8vcs8._.js:776
[  415635ms] [LOG] [Fast Refresh] done in 1268ms @ http://localhost:3000/_next/static/chunks/node_modules_next_dist_1e8vcs8._.js:776
[  415698ms] [LOG] [Fast Refresh] done in 1268ms @ http://localhost:3000/_next/static/chunks/node_modules_next_dist_1e8vcs8._.js:776
[  415761ms] [LOG] [Fast Refresh] done in 1268ms @ http://localhost:3000/_next/static/chunks/node_modules_next_dist_1e8vcs8._.js:776
[  415824ms] [LOG] [Fast Refresh] done in 1268ms @ http://localhost:3000/_next/static/chunks/node_modules_next_dist_1e8vcs8._.js:776
[  415887ms] [LOG] [Fast Refresh] done in 1268ms @ http://localhost:3000/_next/static/chunks/node_modules_next_dist_1e8vcs8._.js:776
[  415949ms] [LOG] [Fast Refresh] done in 1268ms @ http://localhost:3000/_next/static/chunks/node_modules_next_dist_1e8vcs8._.js:776
[  416013ms] [LOG] [Fast Refresh] done in 1268ms @ http://localhost:3000/_next/static/chunks/node_modules_next_dist_1e8vcs8._.js:776
[  416075ms] [LOG] [Fast Refresh] done in 1268ms @ http://localhost:3000/_next/static/chunks/node_modules_next_dist_1e8vcs8._.js:776
[  416138ms] [LOG] [Fast Refresh] done in 1268ms @ http://localhost:3000/_next/static/chunks/node_modules_next_dist_1e8vcs8._.js:776
[  416201ms] [LOG] [Fast Refresh] done in 1268ms @ http://localhost:3000/_next/static/chunks/node_modules_next_dist_1e8vcs8._.js:776
[  416265ms] [LOG] [Fast Refresh] done in 1268ms @ http://localhost:3000/_next/static/chunks/node_modules_next_dist_1e8vcs8._.js:776
[  416327ms] [LOG] [Fast Refresh] done in 1268ms @ http://localhost:3000/_next/static/chunks/node_modules_next_dist_1e8vcs8._.js:776
[  416392ms] [LOG] [Fast Refresh] done in 1268ms @ http://localhost:3000/_next/static/chunks/node_modules_next_dist_1e8vcs8._.js:776
[  416455ms] [LOG] [Fast Refresh] done in 1268ms @ http://localhost:3000/_next/static/chunks/node_modules_next_dist_1e8vcs8._.js:776
[  416519ms] [LOG] [Fast Refresh] done in 1268ms @ http://localhost:3000/_next/static/chunks/node_modules_next_dist_1e8vcs8._.js:776
[  416582ms] [LOG] [Fast Refresh] done in 1268ms @ http://localhost:3000/_next/static/chunks/node_modules_next_dist_1e8vcs8._.js:776
[  416645ms] [LOG] [Fast Refresh] done in 1268ms @ http://localhost:3000/_next/static/chunks/node_modules_next_dist_1e8vcs8._.js:776
[  416708ms] [LOG] [Fast Refresh] done in 1268ms @ http://localhost:3000/_next/static/chunks/node_modules_next_dist_1e8vcs8._.js:776
[  416769ms] [LOG] [Fast Refresh] done in 1268ms @ http://localhost:3000/_next/static/chunks/node_modules_next_dist_1e8vcs8._.js:776
[  416833ms] [LOG] [Fast Refresh] done in 1268ms @ http://localhost:3000/_next/static/chunks/node_modules_next_dist_1e8vcs8._.js:776
[  416897ms] [LOG] [Fast Refresh] done in 1268ms @ http://localhost:3000/_next/static/chunks/node_modules_next_dist_1e8vcs8._.js:776
[  416961ms] [LOG] [Fast Refresh] done in 1268ms @ http://localhost:3000/_next/static/chunks/node_modules_next_dist_1e8vcs8._.js:776
[  417014ms] [LOG] [Fast Refresh] done in 1268ms @ http://localhost:3000/_next/static/chunks/node_modules_next_dist_1e8vcs8._.js:776
[  417072ms] [LOG] [Fast Refresh] done in 1268ms @ http://localhost:3000/_next/static/chunks/node_modules_next_dist_1e8vcs8._.js:776
[  417135ms] [LOG] [Fast Refresh] done in 1268ms @ http://localhost:3000/_next/static/chunks/node_modules_next_dist_1e8vcs8._.js:776
[  417198ms] [LOG] [Fast Refresh] done in 1268ms @ http://localhost:3000/_next/static/chunks/node_modules_next_dist_1e8vcs8._.js:776
[  417259ms] [LOG] [Fast Refresh] done in 1268ms @ http://localhost:3000/_next/static/chunks/node_modules_next_dist_1e8vcs8._.js:776
[  417324ms] [LOG] [Fast Refresh] done in 1268ms @ http://localhost:3000/_next/static/chunks/node_modules_next_dist_1e8vcs8._.js:776
[  417381ms] [LOG] [Fast Refresh] done in 1268ms @ http://localhost:3000/_next/static/chunks/node_modules_next_dist_1e8vcs8._.js:776
[  417445ms] [LOG] [Fast Refresh] done in 1268ms @ http://localhost:3000/_next/static/chunks/node_modules_next_dist_1e8vcs8._.js:776
[  417508ms] [LOG] [Fast Refresh] done in 1268ms @ http://localhost:3000/_next/static/chunks/node_modules_next_dist_1e8vcs8._.js:776
[  417573ms] [LOG] [Fast Refresh] done in 1268ms @ http://localhost:3000/_next/static/chunks/node_modules_next_dist_1e8vcs8._.js:776
[  417634ms] [LOG] [Fast Refresh] done in 1268ms @ http://localhost:3000/_next/static/chunks/node_modules_next_dist_1e8vcs8._.js:776
[  417697ms] [LOG] [Fast Refresh] done in 1268ms @ http://localhost:3000/_next/static/chunks/node_modules_next_dist_1e8vcs8._.js:776
[  417761ms] [LOG] [Fast Refresh] done in 1268ms @ http://localhost:3000/_next/static/chunks/node_modules_next_dist_1e8vcs8._.js:776
[  417823ms] [LOG] [Fast Refresh] done in 1268ms @ http://localhost:3000/_next/static/chunks/node_modules_next_dist_1e8vcs8._.js:776
[  417887ms] [LOG] [Fast Refresh] done in 1268ms @ http://localhost:3000/_next/static/chunks/node_modules_next_dist_1e8vcs8._.js:776
[  417952ms] [LOG] [Fast Refresh] done in 1268ms @ http://localhost:3000/_next/static/chunks/node_modules_next_dist_1e8vcs8._.js:776
[  418014ms] [LOG] [Fast Refresh] done in 1268ms @ http://localhost:3000/_next/static/chunks/node_modules_next_dist_1e8vcs8._.js:776
[  418078ms] [LOG] [Fast Refresh] done in 1268ms @ http://localhost:3000/_next/static/chunks/node_modules_next_dist_1e8vcs8._.js:776
[  418128ms] [LOG] [Fast Refresh] done in 1268ms @ http://localhost:3000/_next/static/chunks/node_modules_next_dist_1e8vcs8._.js:776
[  418176ms] [LOG] [Fast Refresh] done in 1268ms @ http://localhost:3000/_next/static/chunks/node_modules_next_dist_1e8vcs8._.js:776
[  418239ms] [LOG] [Fast Refresh] done in 1268ms @ http://localhost:3000/_next/static/chunks/node_modules_next_dist_1e8vcs8._.js:776
[  418301ms] [LOG] [Fast Refresh] done in 1268ms @ http://localhost:3000/_next/static/chunks/node_modules_next_dist_1e8vcs8._.js:776
[  418364ms] [LOG] [Fast Refresh] done in 1268ms @ http://localhost:3000/_next/static/chunks/node_modules_next_dist_1e8vcs8._.js:776
[  418409ms] [LOG] [Fast Refresh] done in 1268ms @ http://localhost:3000/_next/static/chunks/node_modules_next_dist_1e8vcs8._.js:776
[  418477ms] [LOG] [Fast Refresh] done in 1268ms @ http://localhost:3000/_next/static/chunks/node_modules_next_dist_1e8vcs8._.js:776
[  418556ms] [LOG] [Fast Refresh] done in 1268ms @ http://localhost:3000/_next/static/chunks/node_modules_next_dist_1e8vcs8._.js:776
[  418619ms] [LOG] [Fast Refresh] done in 1268ms @ http://localhost:3000/_next/static/chunks/node_modules_next_dist_1e8vcs8._.js:776
[  418681ms] [LOG] [Fast Refresh] done in 1268ms @ http://localhost:3000/_next/static/chunks/node_modules_next_dist_1e8vcs8._.js:776
[  418744ms] [LOG] [Fast Refresh] done in 1268ms @ http://localhost:3000/_next/static/chunks/node_modules_next_dist_1e8vcs8._.js:776
[  418808ms] [LOG] [Fast Refresh] done in 1268ms @ http://localhost:3000/_next/static/chunks/node_modules_next_dist_1e8vcs8._.js:776
[  418869ms] [LOG] [Fast Refresh] done in 1268ms @ http://localhost:3000/_next/static/chunks/node_modules_next_dist_1e8vcs8._.js:776
[  418933ms] [LOG] [Fast Refresh] done in 1268ms @ http://localhost:3000/_next/static/chunks/node_modules_next_dist_1e8vcs8._.js:776
[  418997ms] [LOG] [Fast Refresh] done in 1268ms @ http://localhost:3000/_next/static/chunks/node_modules_next_dist_1e8vcs8._.js:776
[  419061ms] [LOG] [Fast Refresh] done in 1268ms @ http://localhost:3000/_next/static/chunks/node_modules_next_dist_1e8vcs8._.js:776
[  419123ms] [LOG] [Fast Refresh] done in 1268ms @ http://localhost:3000/_next/static/chunks/node_modules_next_dist_1e8vcs8._.js:776
[  419188ms] [LOG] [Fast Refresh] done in 1268ms @ http://localhost:3000/_next/static/chunks/node_modules_next_dist_1e8vcs8._.js:776
[  419251ms] [LOG] [Fast Refresh] done in 1268ms @ http://localhost:3000/_next/static/chunks/node_modules_next_dist_1e8vcs8._.js:776
[  419313ms] [LOG] [Fast Refresh] done in 1268ms @ http://localhost:3000/_next/static/chunks/node_modules_next_dist_1e8vcs8._.js:776
[  419378ms] [LOG] [Fast Refresh] done in 1268ms @ http://localhost:3000/_next/static/chunks/node_modules_next_dist_1e8vcs8._.js:776
[  419441ms] [LOG] [Fast Refresh] done in 1268ms @ http://localhost:3000/_next/static/chunks/node_modules_next_dist_1e8vcs8._.js:776
[  419503ms] [LOG] [Fast Refresh] done in 1268ms @ http://localhost:3000/_next/static/chunks/node_modules_next_dist_1e8vcs8._.js:776
[  419567ms] [LOG] [Fast Refresh] done in 1268ms @ http://localhost:3000/_next/static/chunks/node_modules_next_dist_1e8vcs8._.js:776
[  419629ms] [LOG] [Fast Refresh] done in 1268ms @ http://localhost:3000/_next/static/chunks/node_modules_next_dist_1e8vcs8._.js:776
[  419691ms] [LOG] [Fast Refresh] done in 1268ms @ http://localhost:3000/_next/static/chunks/node_modules_next_dist_1e8vcs8._.js:776
[  419755ms] [LOG] [Fast Refresh] done in 1268ms @ http://localhost:3000/_next/static/chunks/node_modules_next_dist_1e8vcs8._.js:776
[  419818ms] [LOG] [Fast Refresh] done in 1268ms @ http://localhost:3000/_next/static/chunks/node_modules_next_dist_1e8vcs8._.js:776
[  419881ms] [LOG] [Fast Refresh] done in 1268ms @ http://localhost:3000/_next/static/chunks/node_modules_next_dist_1e8vcs8._.js:776
[  419946ms] [LOG] [Fast Refresh] done in 1268ms @ http://localhost:3000/_next/static/chunks/node_modules_next_dist_1e8vcs8._.js:776
[  420008ms] [LOG] [Fast Refresh] done in 1268ms @ http://localhost:3000/_next/static/chunks/node_modules_next_dist_1e8vcs8._.js:776
[  420072ms] [LOG] [Fast Refresh] done in 1268ms @ http://localhost:3000/_next/static/chunks/node_modules_next_dist_1e8vcs8._.js:776
[  420136ms] [LOG] [Fast Refresh] done in 1268ms @ http://localhost:3000/_next/static/chunks/node_modules_next_dist_1e8vcs8._.js:776
[  420198ms] [LOG] [Fast Refresh] done in 1268ms @ http://localhost:3000/_next/static/chunks/node_modules_next_dist_1e8vcs8._.js:776
[  420261ms] [LOG] [Fast Refresh] done in 1268ms @ http://localhost:3000/_next/static/chunks/node_modules_next_dist_1e8vcs8._.js:776
[  420324ms] [LOG] [Fast Refresh] done in 1268ms @ http://localhost:3000/_next/static/chunks/node_modules_next_dist_1e8vcs8._.js:776
[  420387ms] [LOG] [Fast Refresh] done in 1268ms @ http://localhost:3000/_next/static/chunks/node_modules_next_dist_1e8vcs8._.js:776
[  420438ms] [LOG] [Fast Refresh] done in 1268ms @ http://localhost:3000/_next/static/chunks/node_modules_next_dist_1e8vcs8._.js:776
[  420501ms] [LOG] [Fast Refresh] done in 1268ms @ http://localhost:3000/_next/static/chunks/node_modules_next_dist_1e8vcs8._.js:776
[  420564ms] [LOG] [Fast Refresh] done in 1268ms @ http://localhost:3000/_next/static/chunks/node_modules_next_dist_1e8vcs8._.js:776
[  420627ms] [LOG] [Fast Refresh] done in 1268ms @ http://localhost:3000/_next/static/chunks/node_modules_next_dist_1e8vcs8._.js:776
[  420690ms] [LOG] [Fast Refresh] done in 1268ms @ http://localhost:3000/_next/static/chunks/node_modules_next_dist_1e8vcs8._.js:776
[  420754ms] [LOG] [Fast Refresh] done in 1268ms @ http://localhost:3000/_next/static/chunks/node_modules_next_dist_1e8vcs8._.js:776
[  420817ms] [LOG] [Fast Refresh] done in 1268ms @ http://localhost:3000/_next/static/chunks/node_modules_next_dist_1e8vcs8._.js:776
[  420880ms] [LOG] [Fast Refresh] done in 1268ms @ http://localhost:3000/_next/static/chunks/node_modules_next_dist_1e8vcs8._.js:776
[  420945ms] [LOG] [Fast Refresh] done in 1268ms @ http://localhost:3000/_next/static/chunks/node_modules_next_dist_1e8vcs8._.js:776
[  421009ms] [LOG] [Fast Refresh] done in 1268ms @ http://localhost:3000/_next/static/chunks/node_modules_next_dist_1e8vcs8._.js:776
[  421072ms] [LOG] [Fast Refresh] done in 1268ms @ http://localhost:3000/_next/static/chunks/node_modules_next_dist_1e8vcs8._.js:776
[  421136ms] [LOG] [Fast Refresh] done in 1268ms @ http://localhost:3000/_next/static/chunks/node_modules_next_dist_1e8vcs8._.js:776
[  421199ms] [LOG] [Fast Refresh] done in 1268ms @ http://localhost:3000/_next/static/chunks/node_modules_next_dist_1e8vcs8._.js:776
[  421262ms] [LOG] [Fast Refresh] done in 1268ms @ http://localhost:3000/_next/static/chunks/node_modules_next_dist_1e8vcs8._.js:776
[  421326ms] [LOG] [Fast Refresh] done in 1268ms @ http://localhost:3000/_next/static/chunks/node_modules_next_dist_1e8vcs8._.js:776
[  421388ms] [LOG] [Fast Refresh] done in 1268ms @ http://localhost:3000/_next/static/chunks/node_modules_next_dist_1e8vcs8._.js:776
[  421456ms] [LOG] [Fast Refresh] done in 1268ms @ http://localhost:3000/_next/static/chunks/node_modules_next_dist_1e8vcs8._.js:776
[  421519ms] [LOG] [Fast Refresh] done in 1268ms @ http://localhost:3000/_next/static/chunks/node_modules_next_dist_1e8vcs8._.js:776
[  421582ms] [LOG] [Fast Refresh] done in 1268ms @ http://localhost:3000/_next/static/chunks/node_modules_next_dist_1e8vcs8._.js:776
[  421645ms] [LOG] [Fast Refresh] done in 1268ms @ http://localhost:3000/_next/static/chunks/node_modules_next_dist_1e8vcs8._.js:776
[  421707ms] [LOG] [Fast Refresh] done in 1268ms @ http://localhost:3000/_next/static/chunks/node_modules_next_dist_1e8vcs8._.js:776
[  421769ms] [LOG] [Fast Refresh] done in 1268ms @ http://localhost:3000/_next/static/chunks/node_modules_next_dist_1e8vcs8._.js:776
[  421832ms] [LOG] [Fast Refresh] done in 1268ms @ http://localhost:3000/_next/static/chunks/node_modules_next_dist_1e8vcs8._.js:776
[  421895ms] [LOG] [Fast Refresh] done in 1268ms @ http://localhost:3000/_next/static/chunks/node_modules_next_dist_1e8vcs8._.js:776
[  421959ms] [LOG] [Fast Refresh] done in 1268ms @ http://localhost:3000/_next/static/chunks/node_modules_next_dist_1e8vcs8._.js:776
[  422023ms] [LOG] [Fast Refresh] done in 1268ms @ http://localhost:3000/_next/static/chunks/node_modules_next_dist_1e8vcs8._.js:776
[  422086ms] [LOG] [Fast Refresh] done in 1268ms @ http://localhost:3000/_next/static/chunks/node_modules_next_dist_1e8vcs8._.js:776
[  422149ms] [LOG] [Fast Refresh] done in 1268ms @ http://localhost:3000/_next/static/chunks/node_modules_next_dist_1e8vcs8._.js:776
[  422212ms] [LOG] [Fast Refresh] done in 1268ms @ http://localhost:3000/_next/static/chunks/node_modules_next_dist_1e8vcs8._.js:776
[  422276ms] [LOG] [Fast Refresh] done in 1268ms @ http://localhost:3000/_next/static/chunks/node_modules_next_dist_1e8vcs8._.js:776
[  422339ms] [LOG] [Fast Refresh] done in 1268ms @ http://localhost:3000/_next/static/chunks/node_modules_next_dist_1e8vcs8._.js:776
[  422402ms] [LOG] [Fast Refresh] done in 1268ms @ http://localhost:3000/_next/static/chunks/node_modules_next_dist_1e8vcs8._.js:776
[  422462ms] [LOG] [Fast Refresh] done in 1268ms @ http://localhost:3000/_next/static/chunks/node_modules_next_dist_1e8vcs8._.js:776
[  422525ms] [LOG] [Fast Refresh] done in 1268ms @ http://localhost:3000/_next/static/chunks/node_modules_next_dist_1e8vcs8._.js:776
[  422589ms] [LOG] [Fast Refresh] done in 1268ms @ http://localhost:3000/_next/static/chunks/node_modules_next_dist_1e8vcs8._.js:776
[  422652ms] [LOG] [Fast Refresh] done in 1268ms @ http://localhost:3000/_next/static/chunks/node_modules_next_dist_1e8vcs8._.js:776
[  422716ms] [LOG] [Fast Refresh] done in 1268ms @ http://localhost:3000/_next/static/chunks/node_modules_next_dist_1e8vcs8._.js:776
[  422779ms] [LOG] [Fast Refresh] done in 1268ms @ http://localhost:3000/_next/static/chunks/node_modules_next_dist_1e8vcs8._.js:776
[  422843ms] [LOG] [Fast Refresh] done in 1268ms @ http://localhost:3000/_next/static/chunks/node_modules_next_dist_1e8vcs8._.js:776
[  422906ms] [LOG] [Fast Refresh] done in 1268ms @ http://localhost:3000/_next/static/chunks/node_modules_next_dist_1e8vcs8._.js:776
[  422969ms] [LOG] [Fast Refresh] done in 1268ms @ http://localhost:3000/_next/static/chunks/node_modules_next_dist_1e8vcs8._.js:776
[  423032ms] [LOG] [Fast Refresh] done in 1268ms @ http://localhost:3000/_next/static/chunks/node_modules_next_dist_1e8vcs8._.js:776
[  423095ms] [LOG] [Fast Refresh] done in 1268ms @ http://localhost:3000/_next/static/chunks/node_modules_next_dist_1e8vcs8._.js:776
[  423157ms] [LOG] [Fast Refresh] done in 1268ms @ http://localhost:3000/_next/static/chunks/node_modules_next_dist_1e8vcs8._.js:776
[  423222ms] [LOG] [Fast Refresh] done in 1268ms @ http://localhost:3000/_next/static/chunks/node_modules_next_dist_1e8vcs8._.js:776
[  423285ms] [LOG] [Fast Refresh] done in 1268ms @ http://localhost:3000/_next/static/chunks/node_modules_next_dist_1e8vcs8._.js:776
[  423349ms] [LOG] [Fast Refresh] done in 1268ms @ http://localhost:3000/_next/static/chunks/node_modules_next_dist_1e8vcs8._.js:776
[  423412ms] [LOG] [Fast Refresh] done in 1268ms @ http://localhost:3000/_next/static/chunks/node_modules_next_dist_1e8vcs8._.js:776
[  423469ms] [LOG] [Fast Refresh] done in 1268ms @ http://localhost:3000/_next/static/chunks/node_modules_next_dist_1e8vcs8._.js:776
[  423525ms] [LOG] [Fast Refresh] done in 1268ms @ http://localhost:3000/_next/static/chunks/node_modules_next_dist_1e8vcs8._.js:776
[  423588ms] [LOG] [Fast Refresh] done in 1268ms @ http://localhost:3000/_next/static/chunks/node_modules_next_dist_1e8vcs8._.js:776
[  423651ms] [LOG] [Fast Refresh] done in 1268ms @ http://localhost:3000/_next/static/chunks/node_modules_next_dist_1e8vcs8._.js:776
[  423714ms] [LOG] [Fast Refresh] done in 1268ms @ http://localhost:3000/_next/static/chunks/node_modules_next_dist_1e8vcs8._.js:776
[  423777ms] [LOG] [Fast Refresh] done in 1268ms @ http://localhost:3000/_next/static/chunks/node_modules_next_dist_1e8vcs8._.js:776
[  423840ms] [LOG] [Fast Refresh] done in 1268ms @ http://localhost:3000/_next/static/chunks/node_modules_next_dist_1e8vcs8._.js:776
[  423904ms] [LOG] [Fast Refresh] done in 1268ms @ http://localhost:3000/_next/static/chunks/node_modules_next_dist_1e8vcs8._.js:776
[  423966ms] [LOG] [Fast Refresh] done in 1268ms @ http://localhost:3000/_next/static/chunks/node_modules_next_dist_1e8vcs8._.js:776
[  424027ms] [LOG] [Fast Refresh] done in 1268ms @ http://localhost:3000/_next/static/chunks/node_modules_next_dist_1e8vcs8._.js:776
[  424090ms] [LOG] [Fast Refresh] done in 1268ms @ http://localhost:3000/_next/static/chunks/node_modules_next_dist_1e8vcs8._.js:776
[  424154ms] [LOG] [Fast Refresh] done in 1268ms @ http://localhost:3000/_next/static/chunks/node_modules_next_dist_1e8vcs8._.js:776
[  424217ms] [LOG] [Fast Refresh] done in 1268ms @ http://localhost:3000/_next/static/chunks/node_modules_next_dist_1e8vcs8._.js:776
[  424280ms] [LOG] [Fast Refresh] done in 1268ms @ http://localhost:3000/_next/static/chunks/node_modules_next_dist_1e8vcs8._.js:776
[  424344ms] [LOG] [Fast Refresh] done in 1268ms @ http://localhost:3000/_next/static/chunks/node_modules_next_dist_1e8vcs8._.js:776
[  424407ms] [LOG] [Fast Refresh] done in 1268ms @ http://localhost:3000/_next/static/chunks/node_modules_next_dist_1e8vcs8._.js:776
[  424462ms] [LOG] [Fast Refresh] done in 1268ms @ http://localhost:3000/_next/static/chunks/node_modules_next_dist_1e8vcs8._.js:776
[  424510ms] [LOG] [Fast Refresh] done in 1268ms @ http://localhost:3000/_next/static/chunks/node_modules_next_dist_1e8vcs8._.js:776
[  424573ms] [LOG] [Fast Refresh] done in 1268ms @ http://localhost:3000/_next/static/chunks/node_modules_next_dist_1e8vcs8._.js:776
[  424636ms] [LOG] [Fast Refresh] done in 1268ms @ http://localhost:3000/_next/static/chunks/node_modules_next_dist_1e8vcs8._.js:776
[  424700ms] [LOG] [Fast Refresh] done in 1268ms @ http://localhost:3000/_next/static/chunks/node_modules_next_dist_1e8vcs8._.js:776
[  424763ms] [LOG] [Fast Refresh] done in 1268ms @ http://localhost:3000/_next/static/chunks/node_modules_next_dist_1e8vcs8._.js:776
[  424826ms] [LOG] [Fast Refresh] done in 1268ms @ http://localhost:3000/_next/static/chunks/node_modules_next_dist_1e8vcs8._.js:776
[  424889ms] [LOG] [Fast Refresh] done in 1268ms @ http://localhost:3000/_next/static/chunks/node_modules_next_dist_1e8vcs8._.js:776
[  424952ms] [LOG] [Fast Refresh] done in 1268ms @ http://localhost:3000/_next/static/chunks/node_modules_next_dist_1e8vcs8._.js:776
[  425016ms] [LOG] [Fast Refresh] done in 1268ms @ http://localhost:3000/_next/static/chunks/node_modules_next_dist_1e8vcs8._.js:776
[  425078ms] [LOG] [Fast Refresh] done in 1268ms @ http://localhost:3000/_next/static/chunks/node_modules_next_dist_1e8vcs8._.js:776
[  425141ms] [LOG] [Fast Refresh] done in 1268ms @ http://localhost:3000/_next/static/chunks/node_modules_next_dist_1e8vcs8._.js:776
[  425204ms] [LOG] [Fast Refresh] done in 1268ms @ http://localhost:3000/_next/static/chunks/node_modules_next_dist_1e8vcs8._.js:776
[  425268ms] [LOG] [Fast Refresh] done in 1268ms @ http://localhost:3000/_next/static/chunks/node_modules_next_dist_1e8vcs8._.js:776
[  425330ms] [LOG] [Fast Refresh] done in 1268ms @ http://localhost:3000/_next/static/chunks/node_modules_next_dist_1e8vcs8._.js:776
[  425394ms] [LOG] [Fast Refresh] done in 1268ms @ http://localhost:3000/_next/static/chunks/node_modules_next_dist_1e8vcs8._.js:776
[  425456ms] [LOG] [Fast Refresh] done in 1268ms @ http://localhost:3000/_next/static/chunks/node_modules_next_dist_1e8vcs8._.js:776
[  425512ms] [LOG] [Fast Refresh] done in 1268ms @ http://localhost:3000/_next/static/chunks/node_modules_next_dist_1e8vcs8._.js:776
[  425575ms] [LOG] [Fast Refresh] done in 1268ms @ http://localhost:3000/_next/static/chunks/node_modules_next_dist_1e8vcs8._.js:776
[  425638ms] [LOG] [Fast Refresh] done in 1268ms @ http://localhost:3000/_next/static/chunks/node_modules_next_dist_1e8vcs8._.js:776
[  425702ms] [LOG] [Fast Refresh] done in 1268ms @ http://localhost:3000/_next/static/chunks/node_modules_next_dist_1e8vcs8._.js:776
[  425766ms] [LOG] [Fast Refresh] done in 1268ms @ http://localhost:3000/_next/static/chunks/node_modules_next_dist_1e8vcs8._.js:776
[  425829ms] [LOG] [Fast Refresh] done in 1268ms @ http://localhost:3000/_next/static/chunks/node_modules_next_dist_1e8vcs8._.js:776
[  425892ms] [LOG] [Fast Refresh] done in 1268ms @ http://localhost:3000/_next/static/chunks/node_modules_next_dist_1e8vcs8._.js:776
[  425956ms] [LOG] [Fast Refresh] done in 1268ms @ http://localhost:3000/_next/static/chunks/node_modules_next_dist_1e8vcs8._.js:776
[  426018ms] [LOG] [Fast Refresh] done in 1268ms @ http://localhost:3000/_next/static/chunks/node_modules_next_dist_1e8vcs8._.js:776
[  426080ms] [LOG] [Fast Refresh] done in 1268ms @ http://localhost:3000/_next/static/chunks/node_modules_next_dist_1e8vcs8._.js:776
[  426144ms] [LOG] [Fast Refresh] done in 1268ms @ http://localhost:3000/_next/static/chunks/node_modules_next_dist_1e8vcs8._.js:776
[  426206ms] [LOG] [Fast Refresh] done in 1268ms @ http://localhost:3000/_next/static/chunks/node_modules_next_dist_1e8vcs8._.js:776
[  426269ms] [LOG] [Fast Refresh] done in 1268ms @ http://localhost:3000/_next/static/chunks/node_modules_next_dist_1e8vcs8._.js:776
[  426332ms] [LOG] [Fast Refresh] done in 1268ms @ http://localhost:3000/_next/static/chunks/node_modules_next_dist_1e8vcs8._.js:776
[  426397ms] [LOG] [Fast Refresh] done in 1268ms @ http://localhost:3000/_next/static/chunks/node_modules_next_dist_1e8vcs8._.js:776
[  426459ms] [LOG] [Fast Refresh] done in 1268ms @ http://localhost:3000/_next/static/chunks/node_modules_next_dist_1e8vcs8._.js:776
[  426520ms] [LOG] [Fast Refresh] done in 1268ms @ http://localhost:3000/_next/static/chunks/node_modules_next_dist_1e8vcs8._.js:776
[  426572ms] [LOG] [Fast Refresh] done in 1268ms @ http://localhost:3000/_next/static/chunks/node_modules_next_dist_1e8vcs8._.js:776
[  426637ms] [LOG] [Fast Refresh] done in 1268ms @ http://localhost:3000/_next/static/chunks/node_modules_next_dist_1e8vcs8._.js:776
[  426705ms] [LOG] [Fast Refresh] done in 1268ms @ http://localhost:3000/_next/static/chunks/node_modules_next_dist_1e8vcs8._.js:776
[  426775ms] [LOG] [Fast Refresh] done in 1268ms @ http://localhost:3000/_next/static/chunks/node_modules_next_dist_1e8vcs8._.js:776
[  426840ms] [LOG] [Fast Refresh] done in 1268ms @ http://localhost:3000/_next/static/chunks/node_modules_next_dist_1e8vcs8._.js:776
[  426905ms] [LOG] [Fast Refresh] done in 1268ms @ http://localhost:3000/_next/static/chunks/node_modules_next_dist_1e8vcs8._.js:776
[  426964ms] [LOG] [Fast Refresh] done in 1268ms @ http://localhost:3000/_next/static/chunks/node_modules_next_dist_1e8vcs8._.js:776
[  427031ms] [LOG] [Fast Refresh] done in 1268ms @ http://localhost:3000/_next/static/chunks/node_modules_next_dist_1e8vcs8._.js:776
[  427091ms] [LOG] [Fast Refresh] done in 1268ms @ http://localhost:3000/_next/static/chunks/node_modules_next_dist_1e8vcs8._.js:776
[  427155ms] [LOG] [Fast Refresh] done in 1268ms @ http://localhost:3000/_next/static/chunks/node_modules_next_dist_1e8vcs8._.js:776
[  427221ms] [LOG] [Fast Refresh] done in 1268ms @ http://localhost:3000/_next/static/chunks/node_modules_next_dist_1e8vcs8._.js:776
[  427286ms] [LOG] [Fast Refresh] done in 1268ms @ http://localhost:3000/_next/static/chunks/node_modules_next_dist_1e8vcs8._.js:776
[  427349ms] [LOG] [Fast Refresh] done in 1268ms @ http://localhost:3000/_next/static/chunks/node_modules_next_dist_1e8vcs8._.js:776
[  427415ms] [LOG] [Fast Refresh] done in 1268ms @ http://localhost:3000/_next/static/chunks/node_modules_next_dist_1e8vcs8._.js:776
[  427476ms] [LOG] [Fast Refresh] done in 1268ms @ http://localhost:3000/_next/static/chunks/node_modules_next_dist_1e8vcs8._.js:776
[  427536ms] [LOG] [Fast Refresh] done in 1268ms @ http://localhost:3000/_next/static/chunks/node_modules_next_dist_1e8vcs8._.js:776
[  427616ms] [LOG] [Fast Refresh] done in 1268ms @ http://localhost:3000/_next/static/chunks/node_modules_next_dist_1e8vcs8._.js:776
[  427681ms] [LOG] [Fast Refresh] done in 1268ms @ http://localhost:3000/_next/static/chunks/node_modules_next_dist_1e8vcs8._.js:776
[  427745ms] [LOG] [Fast Refresh] done in 1268ms @ http://localhost:3000/_next/static/chunks/node_modules_next_dist_1e8vcs8._.js:776
[  427808ms] [LOG] [Fast Refresh] done in 1268ms @ http://localhost:3000/_next/static/chunks/node_modules_next_dist_1e8vcs8._.js:776
[  427874ms] [LOG] [Fast Refresh] done in 1268ms @ http://localhost:3000/_next/static/chunks/node_modules_next_dist_1e8vcs8._.js:776
[  427936ms] [LOG] [Fast Refresh] done in 1268ms @ http://localhost:3000/_next/static/chunks/node_modules_next_dist_1e8vcs8._.js:776
[  428001ms] [LOG] [Fast Refresh] done in 1268ms @ http://localhost:3000/_next/static/chunks/node_modules_next_dist_1e8vcs8._.js:776
[  428064ms] [LOG] [Fast Refresh] done in 1268ms @ http://localhost:3000/_next/static/chunks/node_modules_next_dist_1e8vcs8._.js:776
[  428128ms] [LOG] [Fast Refresh] done in 1268ms @ http://localhost:3000/_next/static/chunks/node_modules_next_dist_1e8vcs8._.js:776
[  428192ms] [LOG] [Fast Refresh] done in 1268ms @ http://localhost:3000/_next/static/chunks/node_modules_next_dist_1e8vcs8._.js:776
[  428255ms] [LOG] [Fast Refresh] done in 1268ms @ http://localhost:3000/_next/static/chunks/node_modules_next_dist_1e8vcs8._.js:776
[  428318ms] [LOG] [Fast Refresh] done in 1268ms @ http://localhost:3000/_next/static/chunks/node_modules_next_dist_1e8vcs8._.js:776
[  428380ms] [LOG] [Fast Refresh] done in 1268ms @ http://localhost:3000/_next/static/chunks/node_modules_next_dist_1e8vcs8._.js:776
[  428442ms] [LOG] [Fast Refresh] done in 1268ms @ http://localhost:3000/_next/static/chunks/node_modules_next_dist_1e8vcs8._.js:776
[  428505ms] [LOG] [Fast Refresh] done in 1268ms @ http://localhost:3000/_next/static/chunks/node_modules_next_dist_1e8vcs8._.js:776
[  428574ms] [LOG] [Fast Refresh] done in 1268ms @ http://localhost:3000/_next/static/chunks/node_modules_next_dist_1e8vcs8._.js:776
[  428639ms] [LOG] [Fast Refresh] done in 1268ms @ http://localhost:3000/_next/static/chunks/node_modules_next_dist_1e8vcs8._.js:776
[  428702ms] [LOG] [Fast Refresh] done in 1268ms @ http://localhost:3000/_next/static/chunks/node_modules_next_dist_1e8vcs8._.js:776
[  428767ms] [LOG] [Fast Refresh] done in 1268ms @ http://localhost:3000/_next/static/chunks/node_modules_next_dist_1e8vcs8._.js:776
[  428828ms] [LOG] [Fast Refresh] done in 1268ms @ http://localhost:3000/_next/static/chunks/node_modules_next_dist_1e8vcs8._.js:776
[  428894ms] [LOG] [Fast Refresh] done in 1268ms @ http://localhost:3000/_next/static/chunks/node_modules_next_dist_1e8vcs8._.js:776
[  428953ms] [LOG] [Fast Refresh] done in 1268ms @ http://localhost:3000/_next/static/chunks/node_modules_next_dist_1e8vcs8._.js:776
[  429016ms] [LOG] [Fast Refresh] done in 1268ms @ http://localhost:3000/_next/static/chunks/node_modules_next_dist_1e8vcs8._.js:776
[  429079ms] [LOG] [Fast Refresh] done in 1268ms @ http://localhost:3000/_next/static/chunks/node_modules_next_dist_1e8vcs8._.js:776
[  429143ms] [LOG] [Fast Refresh] done in 1268ms @ http://localhost:3000/_next/static/chunks/node_modules_next_dist_1e8vcs8._.js:776
[  429206ms] [LOG] [Fast Refresh] done in 1268ms @ http://localhost:3000/_next/static/chunks/node_modules_next_dist_1e8vcs8._.js:776
